slot	task_id	path	detected_analyses	sha256
1	sky130-class-d-halfbridge-eff95-tt	sources/upstream/tasks/sky130-class-d-halfbridge-eff95-tt/environment/starter/testbench/tb_class_d_tt_1p80v_27c.spi	tran	e7ff13773407da9c2456ce2552d02279d93e245ae3273b7238223f9865a76ef5
1	sky130-class-d-halfbridge-eff95-tt	sources/upstream/tasks/sky130-class-d-halfbridge-eff95-tt/tests/benches/tb_efficiency.spi	tran	eb57960704242903360da23a9178e5557d81a336103c85d9d7fbbabee4787a4d
2	sky130-programmable-icc-iptat-current-mirror-pvt	sources/upstream/tasks/sky130-programmable-icc-iptat-current-mirror-pvt/environment/starter/testbench/tb_codes_tt.spi	dc,op	9f9d1d46ac5a4657ad479d66bb44289a3ef9216bfaed9cf9c3f902f94ac97e70
2	sky130-programmable-icc-iptat-current-mirror-pvt	sources/upstream/tasks/sky130-programmable-icc-iptat-current-mirror-pvt/environment/starter/testbench/tb_compliance_tt.spi	dc	e34fc6cdaafb5a12cd270bf3faf948d3313e1c93260b2ddc5b8052ab14579ef1
2	sky130-programmable-icc-iptat-current-mirror-pvt	sources/upstream/tasks/sky130-programmable-icc-iptat-current-mirror-pvt/environment/starter/testbench/tb_power_tt.spi	op	f92633d75b5ceb030863c187f0a0197163078f0d44f59b6044d14061c0b4fe9d
2	sky130-programmable-icc-iptat-current-mirror-pvt	sources/upstream/tasks/sky130-programmable-icc-iptat-current-mirror-pvt/environment/starter/testbench/tb_temperature_ff.spi	op	301b2b691d3a013695dd1ff8500811c3ee5af484325f0637e996e0fe4737265c
2	sky130-programmable-icc-iptat-current-mirror-pvt	sources/upstream/tasks/sky130-programmable-icc-iptat-current-mirror-pvt/environment/starter/testbench/tb_temperature_ss.spi	op	2a487aee846da62242b1ce18c274f6ba4d399964591a949e6bb74ad6a6020b47
2	sky130-programmable-icc-iptat-current-mirror-pvt	sources/upstream/tasks/sky130-programmable-icc-iptat-current-mirror-pvt/environment/starter/testbench/tb_temperature_tt.spi	op	a26c9a86387992888eb4e2155f6776aec154098291d9f9622a3610d728364fce
2	sky130-programmable-icc-iptat-current-mirror-pvt	sources/upstream/tasks/sky130-programmable-icc-iptat-current-mirror-pvt/tests/benches/tb_codes_weights.spi	dc,op	acda01c4e50b0515d5aa7ea617c7d9ad1f2571d8c8bde158088f7cf3bfdd2838
2	sky130-programmable-icc-iptat-current-mirror-pvt	sources/upstream/tasks/sky130-programmable-icc-iptat-current-mirror-pvt/tests/benches/tb_compliance.spi	dc	70d09aa2d9eac7189faaf97ee33671e6f67c465cc88f163f3468fde944d5435f
2	sky130-programmable-icc-iptat-current-mirror-pvt	sources/upstream/tasks/sky130-programmable-icc-iptat-current-mirror-pvt/tests/fixtures/iptat_series_r_headroom_violation.spi	fixture/reducer/template	17af0f5e8fecdea84d24110dd0c826064d042a45df3d84c5c98cbb3450d86ff6
3	sky130-gmr-degen-amp-constant-gm-pvt	sources/upstream/tasks/sky130-gmr-degen-amp-constant-gm-pvt/environment/starter/testbench/measure_sdr.py	fixture/reducer/template	79dbb808dfaee5ebd3f8c063b58ef7a51e659d4409b5b2fe66d45551c63cbca0
3	sky130-gmr-degen-amp-constant-gm-pvt	sources/upstream/tasks/sky130-gmr-degen-amp-constant-gm-pvt/environment/starter/testbench/tb_ac_tt.spi	ac,op	865044acab3988070a3831c51f8eac15b7d8cf0d780cdb0f6b16e0c0ec88888d
3	sky130-gmr-degen-amp-constant-gm-pvt	sources/upstream/tasks/sky130-gmr-degen-amp-constant-gm-pvt/environment/starter/testbench/tb_sdr_tt.spi	tran	604947db25b0b9ac8228b109c54999423b5fd7c6e78b853b72df5c776d5fec91
3	sky130-gmr-degen-amp-constant-gm-pvt	sources/upstream/tasks/sky130-gmr-degen-amp-constant-gm-pvt/tests/benches/tb_ac_power.spi	ac,op	089ab2fcc6c2dee5d575f2ed9b4fcd3ccf998a63b3b3300c1f5d3f8024f8df67
3	sky130-gmr-degen-amp-constant-gm-pvt	sources/upstream/tasks/sky130-gmr-degen-amp-constant-gm-pvt/tests/benches/tb_sdr.spi	tran	5dbc6bd2eb7f29aa36f4fd3c9de4f6ea339bc48feec83b55a7744f5c66fd8dc6
4	sky130-gmr-degenerated-diff-amp-gain2-bw70m-power1p2mw-sdr60	sources/upstream/tasks/sky130-gmr-degenerated-diff-amp-gain2-bw70m-power1p2mw-sdr60/environment/starter/testbench/measure_sdr.py	fixture/reducer/template	79dbb808dfaee5ebd3f8c063b58ef7a51e659d4409b5b2fe66d45551c63cbca0
4	sky130-gmr-degenerated-diff-amp-gain2-bw70m-power1p2mw-sdr60	sources/upstream/tasks/sky130-gmr-degenerated-diff-amp-gain2-bw70m-power1p2mw-sdr60/environment/starter/testbench/tb_ac_tt.spi	ac,op	865044acab3988070a3831c51f8eac15b7d8cf0d780cdb0f6b16e0c0ec88888d
4	sky130-gmr-degenerated-diff-amp-gain2-bw70m-power1p2mw-sdr60	sources/upstream/tasks/sky130-gmr-degenerated-diff-amp-gain2-bw70m-power1p2mw-sdr60/environment/starter/testbench/tb_sdr_tt.spi	tran	604947db25b0b9ac8228b109c54999423b5fd7c6e78b853b72df5c776d5fec91
4	sky130-gmr-degenerated-diff-amp-gain2-bw70m-power1p2mw-sdr60	sources/upstream/tasks/sky130-gmr-degenerated-diff-amp-gain2-bw70m-power1p2mw-sdr60/tests/benches/tb_ac_power.spi	ac,op	089ab2fcc6c2dee5d575f2ed9b4fcd3ccf998a63b3b3300c1f5d3f8024f8df67
4	sky130-gmr-degenerated-diff-amp-gain2-bw70m-power1p2mw-sdr60	sources/upstream/tasks/sky130-gmr-degenerated-diff-amp-gain2-bw70m-power1p2mw-sdr60/tests/benches/tb_sdr.spi	tran	5dbc6bd2eb7f29aa36f4fd3c9de4f6ea339bc48feec83b55a7744f5c66fd8dc6
5	sky130-bootstrap-driver-pt	sources/upstream/tasks/sky130-bootstrap-driver-pt/environment/starter/testbench/tb_bootstrap_driver_tt_1p80v_27c.spi	tran	24b92fe4df1b1be21155fbb73b9b44b9f8dc5fc92911c75a9d0ee33943426376
5	sky130-bootstrap-driver-pt	sources/upstream/tasks/sky130-bootstrap-driver-pt/tests/benches/tb_fs.spi	tran	5d80511056278075f15255c6e8f8ea4ab2a0db23d8bc1f36b78787b03a9da2d6
5	sky130-bootstrap-driver-pt	sources/upstream/tasks/sky130-bootstrap-driver-pt/tests/benches/tb_sf.spi	tran	66f424cee246549c89b19397897373140804933d8f1edbf55b059622457f0587
5	sky130-bootstrap-driver-pt	sources/upstream/tasks/sky130-bootstrap-driver-pt/tests/benches/tb_tt.spi	tran	75c08107152f3ae740d778644438323416139886f275277ff46cf79a22d1eeaf
6	sky130-ring-amp-3stage-gain8-400uw	sources/upstream/tasks/sky130-ring-amp-3stage-gain8-400uw/environment/starter/testbench/tb_sc_dev.spi	tran	246af61a30cab4b168fe322f0f87368759755e665b263a42f60c591267bb0382
6	sky130-ring-amp-3stage-gain8-400uw	sources/upstream/tasks/sky130-ring-amp-3stage-gain8-400uw/tests/benches/tb_sc_tran.spi	tran	ac5aec88ee2fb372114936862386289227a2743e5c747277b9f4e14c60769809
6	sky130-ring-amp-3stage-gain8-400uw	sources/upstream/tasks/sky130-ring-amp-3stage-gain8-400uw/tests/benches/tb_sc_tran_b.spi	tran	e79f1b80541fc47659e82a5111b865007fec60846db65bf7c893aed562dc3c5d
6	sky130-ring-amp-3stage-gain8-400uw	sources/upstream/tasks/sky130-ring-amp-3stage-gain8-400uw/tests/benches/tb_sc_tran_c.spi	tran	03b45d4c3f7562f4ff29d2b9de1c049af5809540880c58fddb4dd1f2221330bd
6	sky130-ring-amp-3stage-gain8-400uw	sources/upstream/tasks/sky130-ring-amp-3stage-gain8-400uw/tests/benches/tb_sc_tran_d.spi	tran	a7117bcb03bab786bc63430c9aaf348051ba79d778c0493fbe836ed34b4715ac
7	sky130-ldo-ota5-robust-pvt-mc	sources/upstream/tasks/sky130-ldo-ota5-robust-pvt-mc/environment/starter/testbench/check_load_tran_tt.py	fixture/reducer/template	fd8c560a37b594aa2934a494ef165223bb8a0c3a46d2a894cbc23e3295147b04
7	sky130-ldo-ota5-robust-pvt-mc	sources/upstream/tasks/sky130-ldo-ota5-robust-pvt-mc/environment/starter/testbench/tb_line_dc_tt.spi	dc	50a9770f2798b595adf5f7f923be7472840df8992bdd641bfa70d3f760860770
7	sky130-ldo-ota5-robust-pvt-mc	sources/upstream/tasks/sky130-ldo-ota5-robust-pvt-mc/environment/starter/testbench/tb_load_tran_tt.spi	tran	76b4efa29686f49b405a94512ec58eca4eaded4ec434bc3ab0e567d8c9b3d3ca
7	sky130-ldo-ota5-robust-pvt-mc	sources/upstream/tasks/sky130-ldo-ota5-robust-pvt-mc/tests/benches/tb_dropout.spi	dc	fa6325c9c187a370f2424021689347dd97bdd80e79fdf5c9d39b82863a9b0a56
7	sky130-ldo-ota5-robust-pvt-mc	sources/upstream/tasks/sky130-ldo-ota5-robust-pvt-mc/tests/benches/tb_line_tran.spi	tran	5e9fdd9a0fec80a585428b4f0198f6cf5230a52273b281e20287a48d63a2e963
7	sky130-ldo-ota5-robust-pvt-mc	sources/upstream/tasks/sky130-ldo-ota5-robust-pvt-mc/tests/benches/tb_load_tran.spi	tran	4f5ede8b269ac230ed33f8715b2587b2bbb0cad841bad22654cdfc854763ee92
7	sky130-ldo-ota5-robust-pvt-mc	sources/upstream/tasks/sky130-ldo-ota5-robust-pvt-mc/tests/benches/tb_loop.spi	ac	e618108c610ac4a6bbbac03f3456debaa32dbfeaf66b87a8049cbcc9ccaa0b13
7	sky130-ldo-ota5-robust-pvt-mc	sources/upstream/tasks/sky130-ldo-ota5-robust-pvt-mc/tests/benches/tb_noise.spi	noise	d44766f3990c0fbd2fa926ab155258c31ee25d5f6d6631e88a7b929715497b39
7	sky130-ldo-ota5-robust-pvt-mc	sources/upstream/tasks/sky130-ldo-ota5-robust-pvt-mc/tests/benches/tb_op.spi	op	be5eb48df24558949385fa46c08d25ca22c1360f3bfd772899b1b01b526b829b
7	sky130-ldo-ota5-robust-pvt-mc	sources/upstream/tasks/sky130-ldo-ota5-robust-pvt-mc/tests/benches/tb_psrr.spi	ac	5b81b87d30d776961c9e10e98f7ccc488a1bbac78fb2cee89a07e4121cbdb80d
7	sky130-ldo-ota5-robust-pvt-mc	sources/upstream/tasks/sky130-ldo-ota5-robust-pvt-mc/tests/benches/tb_pvt_dc.spi	dc	82e92892776bd8bf2f950e7f6b5c60ff09681153231e6e452f3d5bfbe27802dc
7	sky130-ldo-ota5-robust-pvt-mc	sources/upstream/tasks/sky130-ldo-ota5-robust-pvt-mc/tests/benches/tb_startup.spi	tran	5704d8d7ef38cd01596b01340ee064d1ef25d38489238991468a5ac870c384ad
8	sky130-buf-ppsf-bs-gain1-sfdr90	sources/upstream/tasks/sky130-buf-ppsf-bs-gain1-sfdr90/environment/starter/testbench/measure_sfdr.py	fixture/reducer/template	06c32660360c72d83b8e8a53bc3d6e04b7c0eb44436fce202f0740887b462087
8	sky130-buf-ppsf-bs-gain1-sfdr90	sources/upstream/tasks/sky130-buf-ppsf-bs-gain1-sfdr90/environment/starter/testbench/run_ac_process_sweep.py	fixture/reducer/template	606dcbc5aafdbbf6f5d4e678c7fec78d771b327c44d4f3246d70924bbd281935
8	sky130-buf-ppsf-bs-gain1-sfdr90	sources/upstream/tasks/sky130-buf-ppsf-bs-gain1-sfdr90/environment/starter/testbench/run_ac_pvt_sweep.py	fixture/reducer/template	1c2da7834f3ea39a774430c98b69e342cd10c5258b8ced96e569ace2d9cc1154
8	sky130-buf-ppsf-bs-gain1-sfdr90	sources/upstream/tasks/sky130-buf-ppsf-bs-gain1-sfdr90/environment/starter/testbench/run_sfdr_process_sweep.py	fixture/reducer/template	fea6d36ca90f1ce97d16017167e54c38ac708691acfef4071c9d1a313f20eb46
8	sky130-buf-ppsf-bs-gain1-sfdr90	sources/upstream/tasks/sky130-buf-ppsf-bs-gain1-sfdr90/environment/starter/testbench/tb_ac_power.spi	ac,op	5784cc32a99ed46e09d81bf3a8b264e5dea09d3343a884531bc0045bce5cddbd
8	sky130-buf-ppsf-bs-gain1-sfdr90	sources/upstream/tasks/sky130-buf-ppsf-bs-gain1-sfdr90/environment/starter/testbench/tb_sfdr.spi	tran	f60843b7dfc23292f20751e038411806175c19dfbb805865446e6cfeff600120
8	sky130-buf-ppsf-bs-gain1-sfdr90	sources/upstream/tasks/sky130-buf-ppsf-bs-gain1-sfdr90/tests/benches/tb_ac_power.spi	ac,op	b02265681d0f0782ab3058de067c69a5eac32b642389b0634ac0ec2799c33da3
8	sky130-buf-ppsf-bs-gain1-sfdr90	sources/upstream/tasks/sky130-buf-ppsf-bs-gain1-sfdr90/tests/benches/tb_sfdr.spi	tran	acbfd466d4d512428f8d5c9dbc0fb858c992941d6f19551e3e2811720ba88916
9	sky130-cml-divider-div2-range1gto10g	sources/upstream/tasks/sky130-cml-divider-div2-range1gto10g/environment/starter/testbench/measure_divider.py	fixture/reducer/template	e0973606aa15b68c50a44059cfe41cfc0b848cbf9c0a6436fc0cc2f2ab166d01
9	sky130-cml-divider-div2-range1gto10g	sources/upstream/tasks/sky130-cml-divider-div2-range1gto10g/environment/starter/testbench/tb_divider_10g.spi	tran	8c0ff0fbfa2cc795beff9b5d40909821361e9d814371b602a63d058c03c7bae8
9	sky130-cml-divider-div2-range1gto10g	sources/upstream/tasks/sky130-cml-divider-div2-range1gto10g/environment/starter/testbench/tb_divider_1g.spi	tran	20d172f1218ed794037d3cfdd36e317c783ff8c5cff241a69597693aeba36909
9	sky130-cml-divider-div2-range1gto10g	sources/upstream/tasks/sky130-cml-divider-div2-range1gto10g/environment/starter/testbench/tb_power.spi	op	9f356f4d708f5fe0159664aaffbc5eea1101536cc93826b83990cf673a79431c
9	sky130-cml-divider-div2-range1gto10g	sources/upstream/tasks/sky130-cml-divider-div2-range1gto10g/tests/benches/tb_divider.spi	tran	18ba9b8aee4a3531ab4b3656e974b923ec67dcbb84ce594a7b44d7652633bc70
9	sky130-cml-divider-div2-range1gto10g	sources/upstream/tasks/sky130-cml-divider-div2-range1gto10g/tests/benches/tb_power.spi	op	97ae3a62671bd44b915d0d23cf03fcfc41700831820bc15985eb22547838831f
10	sky130-tia-zt8k-bw750m-noise5p-sfdr70-power5m-pt	sources/upstream/tasks/sky130-tia-zt8k-bw750m-noise5p-sfdr70-power5m-pt/environment/starter/testbench/measure_ac.py	fixture/reducer/template	d5d615ad0e4ec8db14d1dd26d0cfcbf0f269c469ea535e680ef1204d2d0f15bd
10	sky130-tia-zt8k-bw750m-noise5p-sfdr70-power5m-pt	sources/upstream/tasks/sky130-tia-zt8k-bw750m-noise5p-sfdr70-power5m-pt/environment/starter/testbench/measure_noise.py	fixture/reducer/template	6bf739fe836240241e4bf89e73e999c6fa5889e7ef0eb76cfb5edf8ccd96e66f
10	sky130-tia-zt8k-bw750m-noise5p-sfdr70-power5m-pt	sources/upstream/tasks/sky130-tia-zt8k-bw750m-noise5p-sfdr70-power5m-pt/environment/starter/testbench/measure_sfdr.py	fixture/reducer/template	8100fea91560f7cdb6db2809c7e7b7ed9615f69b2d1e7fa8a54feba3413c1e03
10	sky130-tia-zt8k-bw750m-noise5p-sfdr70-power5m-pt	sources/upstream/tasks/sky130-tia-zt8k-bw750m-noise5p-sfdr70-power5m-pt/environment/starter/testbench/run_public.py	ac,noise	71ead8fa03f8a6f865c6042f757f178dd514ce1e49fff9d3959f70cee3744899
10	sky130-tia-zt8k-bw750m-noise5p-sfdr70-power5m-pt	sources/upstream/tasks/sky130-tia-zt8k-bw750m-noise5p-sfdr70-power5m-pt/environment/starter/testbench/tb_ac_tt.spi	ac,op	e737d7d44f5a5bd0d9c3e3c2d46bdb3f065a9c83e2232cbf01f86eaa59e6b0e4
10	sky130-tia-zt8k-bw750m-noise5p-sfdr70-power5m-pt	sources/upstream/tasks/sky130-tia-zt8k-bw750m-noise5p-sfdr70-power5m-pt/environment/starter/testbench/tb_noise_tt.spi	noise	8f5733370c6e998584b6db6cfa8e3c8c9ce34ff302e39a474e55df07c8330b59
10	sky130-tia-zt8k-bw750m-noise5p-sfdr70-power5m-pt	sources/upstream/tasks/sky130-tia-zt8k-bw750m-noise5p-sfdr70-power5m-pt/environment/starter/testbench/tb_sfdr_tt.spi	tran	6d83bacb6d1e9d8a3768138de67cc37b083ae3179ee908d92ed9152c1d07ea03
10	sky130-tia-zt8k-bw750m-noise5p-sfdr70-power5m-pt	sources/upstream/tasks/sky130-tia-zt8k-bw750m-noise5p-sfdr70-power5m-pt/tests/benches/tb_ac_power.spi	ac,op	f985b79b868e4fce19c5d20e1517720cbeeefe446b13ccb204d6829cb417e6ab
10	sky130-tia-zt8k-bw750m-noise5p-sfdr70-power5m-pt	sources/upstream/tasks/sky130-tia-zt8k-bw750m-noise5p-sfdr70-power5m-pt/tests/benches/tb_noise.spi	noise	af5d1d9bfd95794464a880f2266468e5dbd1d29839bab50dc40e4bed64a2d60f
10	sky130-tia-zt8k-bw750m-noise5p-sfdr70-power5m-pt	sources/upstream/tasks/sky130-tia-zt8k-bw750m-noise5p-sfdr70-power5m-pt/tests/benches/tb_sfdr.spi	tran	1183a1aee285b010658ed667520f8513e248c7b763d22a69bd5a745e4ca07639
11	sky130-bandgap-reference-pvt	sources/upstream/tasks/sky130-bandgap-reference-pvt/environment/starter/testbench/check_tb_op_tt.py	fixture/reducer/template	7f55ec2d41302c3f47f479502a70c363d57d1eeee07859c0a5966c77f6333d96
11	sky130-bandgap-reference-pvt	sources/upstream/tasks/sky130-bandgap-reference-pvt/environment/starter/testbench/tb_dc_sweep_ff.spi	dc	45f2397829abbe42185af7cd976962fe355855cd08c2dacb207bd3301e8d38ef
11	sky130-bandgap-reference-pvt	sources/upstream/tasks/sky130-bandgap-reference-pvt/environment/starter/testbench/tb_line_step_ff.spi	tran	466a5350d2095fc9cba6798ce631ba5d4d6d7d984ae1b7c96ad1988a9b21de0d
11	sky130-bandgap-reference-pvt	sources/upstream/tasks/sky130-bandgap-reference-pvt/environment/starter/testbench/tb_mc_61000.spi	op	f852ba59bcb32df7ed2bad6ad915a375c104494d649ba40d416a24ed3ad5f19a
11	sky130-bandgap-reference-pvt	sources/upstream/tasks/sky130-bandgap-reference-pvt/environment/starter/testbench/tb_noise_tt.spi	noise	14cc3dc102bfe50b34cb87b0e3d43ba207eeb8fa06b323a7f9d6610e6adbac75
11	sky130-bandgap-reference-pvt	sources/upstream/tasks/sky130-bandgap-reference-pvt/environment/starter/testbench/tb_op_tt.spi	op	e605864deeccf39576fdbcec4a366b8031bd9f087805502edc07bd039f3c79e2
11	sky130-bandgap-reference-pvt	sources/upstream/tasks/sky130-bandgap-reference-pvt/environment/starter/testbench/tb_psrr_ff_cold.spi	ac	48d201f91a93859bd6a07d8be2df8e63a19a86af68f72f382749cdd977f1e7d0
11	sky130-bandgap-reference-pvt	sources/upstream/tasks/sky130-bandgap-reference-pvt/environment/starter/testbench/tb_startup_ff_10us.spi	tran	c833317cc13c9abc296bdfdf8346382183c0330cac223c85cc8c0d8330e6ab39
11	sky130-bandgap-reference-pvt	sources/upstream/tasks/sky130-bandgap-reference-pvt/environment/starter/testbench/tb_startup_ss.spi	tran	0894efb82d0c0bc21ce161dea590fc7a3241c7557b96e28689bac333904365a9
11	sky130-bandgap-reference-pvt	sources/upstream/tasks/sky130-bandgap-reference-pvt/tests/benches/tb_ac.spi	ac	94b6fcfdc02998d9ef15d5903e28f8e75aedd435623a9f5dc497980445a1e4c2
11	sky130-bandgap-reference-pvt	sources/upstream/tasks/sky130-bandgap-reference-pvt/tests/benches/tb_line_step.spi	tran	1c384ff7bdb8c4f934ea29e65cd9fb68b5262adfd852d11fe871c38cd0e648c8
11	sky130-bandgap-reference-pvt	sources/upstream/tasks/sky130-bandgap-reference-pvt/tests/benches/tb_mc.spi	op	ead70f51f359b5892e6331b085b05cb546c85c59760d825c205465c181181b49
11	sky130-bandgap-reference-pvt	sources/upstream/tasks/sky130-bandgap-reference-pvt/tests/benches/tb_noise.spi	noise	9613357af9d7a6ef1bc4827cb7ccb2a489faf67fb58a2a2e869bb4c3f3b2f4e9
11	sky130-bandgap-reference-pvt	sources/upstream/tasks/sky130-bandgap-reference-pvt/tests/benches/tb_op.spi	op	7b6885c2b90be788b76fe20b378f3e7855aa8aac218ee24e701bd518eda008b5
11	sky130-bandgap-reference-pvt	sources/upstream/tasks/sky130-bandgap-reference-pvt/tests/benches/tb_startup.spi	tran	8991664b485e4dfb22f78e8f7bf60e41462516853930a46755686f26ca471844
12	sky130-beta-multiplier-reference-pvt-mc	sources/upstream/tasks/sky130-beta-multiplier-reference-pvt-mc/environment/starter/testbench/run_mc.py	fixture/reducer/template	c819502984ee7300928121ddd9342f3c4cf130fc8898d82835cd428ef877cc3a
12	sky130-beta-multiplier-reference-pvt-mc	sources/upstream/tasks/sky130-beta-multiplier-reference-pvt-mc/environment/starter/testbench/sky130_mc_mm.lib.spice	fixture/reducer/template	b2a9177c2c81f80c4f91fa805c4152fa63c6cf4b2d95178c9776c1f9510555a6
12	sky130-beta-multiplier-reference-pvt-mc	sources/upstream/tasks/sky130-beta-multiplier-reference-pvt-mc/environment/starter/testbench/tb_compliance_ss.spi	dc	78e13fb9ff25a26674160d7b96c3233c48f3e6b6cfa2017cc46a7cb1ab0ec320
12	sky130-beta-multiplier-reference-pvt-mc	sources/upstream/tasks/sky130-beta-multiplier-reference-pvt-mc/environment/starter/testbench/tb_mc.spi	op	831cf6433c1b4ad1aa210f91c7c392f2bd2de140d6e2fe9db7c4b881865b6a5c
12	sky130-beta-multiplier-reference-pvt-mc	sources/upstream/tasks/sky130-beta-multiplier-reference-pvt-mc/environment/starter/testbench/tb_op_tt.spi	op	2e1dc3c7d7434aa58ab0f4ad9e8eb958c30f949350f52d46808c44c17289c8ab
12	sky130-beta-multiplier-reference-pvt-mc	sources/upstream/tasks/sky130-beta-multiplier-reference-pvt-mc/environment/starter/testbench/tb_startup_ff.spi	tran	10e054e42d40c1aacfd7fd9ab464c915ff391bf92650fd7f1d295c57ead6aaf0
12	sky130-beta-multiplier-reference-pvt-mc	sources/upstream/tasks/sky130-beta-multiplier-reference-pvt-mc/tests/benches/tb_compliance.spi	dc	fc1e25f03155922f76e9740acdd37ef83732b7b0d7d9ac729cb01fa351c16ee8
12	sky130-beta-multiplier-reference-pvt-mc	sources/upstream/tasks/sky130-beta-multiplier-reference-pvt-mc/tests/benches/tb_mc.spi	op	b5098cd9f1a07644ccedf4786e08a275f76c6df1a787cc728e09cf8270a15c62
12	sky130-beta-multiplier-reference-pvt-mc	sources/upstream/tasks/sky130-beta-multiplier-reference-pvt-mc/tests/benches/tb_startup.spi	tran	7a90634d38ae7aa574387a08a532f8684effa5b530ce035ffb1702d390a5621b
13	sky130-constant-gm-stable-gain-amplifier-pvt	sources/upstream/tasks/sky130-constant-gm-stable-gain-amplifier-pvt/environment/starter/testbench/tb_ac_ss.spi	ac,op	8c12a975311e2f5e20b6694be416b0a822ada06cd340efdd400832f4735b3686
13	sky130-constant-gm-stable-gain-amplifier-pvt	sources/upstream/tasks/sky130-constant-gm-stable-gain-amplifier-pvt/environment/starter/testbench/tb_ac_tt.spi	ac,op	a9788efd7798e0a8f7d882e492cbf12e5fd4d9012071d41ed899ddf9cb5161d2
13	sky130-constant-gm-stable-gain-amplifier-pvt	sources/upstream/tasks/sky130-constant-gm-stable-gain-amplifier-pvt/environment/starter/testbench/tb_lin_tt.spi	dc	f6e0c5354206ebfd53191c84808cc400bb194ce7880cef1e4352e09c689ab14e
13	sky130-constant-gm-stable-gain-amplifier-pvt	sources/upstream/tasks/sky130-constant-gm-stable-gain-amplifier-pvt/environment/starter/testbench/tb_startup_tt.spi	tran	864986621e0804e76264918746f873f5a1b25a3d61455b2ad5a4c7c611fdc9ba
13	sky130-constant-gm-stable-gain-amplifier-pvt	sources/upstream/tasks/sky130-constant-gm-stable-gain-amplifier-pvt/tests/benches/tb_lin.spi	dc	8098a1d13f3273811ae7e4dcfd483d83dc8fb6194a0faec2c3795c913b312131
13	sky130-constant-gm-stable-gain-amplifier-pvt	sources/upstream/tasks/sky130-constant-gm-stable-gain-amplifier-pvt/tests/benches/tb_pvt.spi	ac,op	6e8d37875b76f855a7c23d1aeebd386c636ba6d373d974696bb10aa832d39fb6
13	sky130-constant-gm-stable-gain-amplifier-pvt	sources/upstream/tasks/sky130-constant-gm-stable-gain-amplifier-pvt/tests/benches/tb_startup.spi	tran	15c10c75bcada681ee71f6ebcc69d8cc3e167332cb521378b9d1c7c8a0fb735b
14	sky130-low-power-oscillator-2mhz-pvt	sources/upstream/tasks/sky130-low-power-oscillator-2mhz-pvt/environment/starter/testbench/tb_osc_ss_hot.spi	tran	5af67722ade64acbed138c7ff0c3f8b0f88b1499b374a016168645407c1ae418
14	sky130-low-power-oscillator-2mhz-pvt	sources/upstream/tasks/sky130-low-power-oscillator-2mhz-pvt/tests/benches/tb_osc.spi	tran	a8a8c1a6df43591b0db0c84be59cf00a7bfbd85b1cc63631cec3aa67a80f12f9
15	sky130-unregulated-charge-pump-10mhz-pvt	sources/upstream/tasks/sky130-unregulated-charge-pump-10mhz-pvt/environment/starter/testbench/tb_charge_pump_ff_hot.spi	tran	9d9ed98b0c4438fbb7e08807da824ed8b2e010ac248913f48fcf96ebcc81be78
15	sky130-unregulated-charge-pump-10mhz-pvt	sources/upstream/tasks/sky130-unregulated-charge-pump-10mhz-pvt/environment/starter/testbench/tb_charge_pump_pd_ff_hot.spi	tran	1b1a46707891a80c5e84132fbaa4a80ad37026a22c7152ab0976393e17927bdd
15	sky130-unregulated-charge-pump-10mhz-pvt	sources/upstream/tasks/sky130-unregulated-charge-pump-10mhz-pvt/tests/benches/tb_charge_pump.spi	tran	7d846dba22cf798a64db0a45630e23c0fcfe06f146528f1bc56e4004e9372d45
15	sky130-unregulated-charge-pump-10mhz-pvt	sources/upstream/tasks/sky130-unregulated-charge-pump-10mhz-pvt/tests/benches/tb_charge_pump_pd.spi	tran	75aab02f647e9b6a8980dce715b6ee77bc2470279064a9c6846948888cca95a7
16	sky130-two-stage-miller-opamp-gain60-ugb200-pm60-noise50uv-pvt	sources/upstream/tasks/sky130-two-stage-miller-opamp-gain60-ugb200-pm60-noise50uv-pvt/environment/starter/testbench/tb_ac_ss.spi	ac,op	898b72a0a2aeb5f47e3afb1f11308fbf273f7868961310d7d9f31b4b0e8fb629
16	sky130-two-stage-miller-opamp-gain60-ugb200-pm60-noise50uv-pvt	sources/upstream/tasks/sky130-two-stage-miller-opamp-gain60-ugb200-pm60-noise50uv-pvt/environment/starter/testbench/tb_ac_tt.spi	ac,op	7ab6dcf9edb7cab9e935a747ad75c5b24ec47ef165c6002ba874bc7656bb33db
16	sky130-two-stage-miller-opamp-gain60-ugb200-pm60-noise50uv-pvt	sources/upstream/tasks/sky130-two-stage-miller-opamp-gain60-ugb200-pm60-noise50uv-pvt/environment/starter/testbench/tb_cmrr_tt.spi	ac	148204a1c5c2e8a9a548662eafec6fba0c8f3351c31864a1e53c2253195c45c1
16	sky130-two-stage-miller-opamp-gain60-ugb200-pm60-noise50uv-pvt	sources/upstream/tasks/sky130-two-stage-miller-opamp-gain60-ugb200-pm60-noise50uv-pvt/environment/starter/testbench/tb_noise_tt.spi	ac,noise	c2979c22821323db6c9105c1cde7530750895e5b324de120841723f250f21ab2
16	sky130-two-stage-miller-opamp-gain60-ugb200-pm60-noise50uv-pvt	sources/upstream/tasks/sky130-two-stage-miller-opamp-gain60-ugb200-pm60-noise50uv-pvt/environment/starter/testbench/tb_psrr_tt.spi	ac	186c80d2655ca0e3b80de743eece4e8e2aa172201bcb7d206bb70402abcf6db0
16	sky130-two-stage-miller-opamp-gain60-ugb200-pm60-noise50uv-pvt	sources/upstream/tasks/sky130-two-stage-miller-opamp-gain60-ugb200-pm60-noise50uv-pvt/environment/starter/testbench/tb_settling_tt.spi	tran	490aaaf502db6828bb27ba46dd1c76ddc181c317a25ebe784cc4359ae4249a19
16	sky130-two-stage-miller-opamp-gain60-ugb200-pm60-noise50uv-pvt	sources/upstream/tasks/sky130-two-stage-miller-opamp-gain60-ugb200-pm60-noise50uv-pvt/environment/starter/testbench/tb_slew_tt.spi	tran	a405bdc6c3752676bec077097acb32a365a8b29435eb36d5bc341e7c7e8482ad
16	sky130-two-stage-miller-opamp-gain60-ugb200-pm60-noise50uv-pvt	sources/upstream/tasks/sky130-two-stage-miller-opamp-gain60-ugb200-pm60-noise50uv-pvt/environment/starter/testbench/tb_swing_tt.spi	dc	3690d396156c90dd5f3c3b72525eb9ad75e42c22925333e8104aafe6eee73036
16	sky130-two-stage-miller-opamp-gain60-ugb200-pm60-noise50uv-pvt	sources/upstream/tasks/sky130-two-stage-miller-opamp-gain60-ugb200-pm60-noise50uv-pvt/tests/benches/tb_cmrr.spi	ac	d3ffe50afa7642d5ca246b999e9f4c5e3e7ecb67ba357f7d96f81294bb59aa9c
16	sky130-two-stage-miller-opamp-gain60-ugb200-pm60-noise50uv-pvt	sources/upstream/tasks/sky130-two-stage-miller-opamp-gain60-ugb200-pm60-noise50uv-pvt/tests/benches/tb_noise.spi	ac,noise	8a412106c02e81357fd5cf40275f5500ad1c64b572fe9f3f2a589d50083ab191
16	sky130-two-stage-miller-opamp-gain60-ugb200-pm60-noise50uv-pvt	sources/upstream/tasks/sky130-two-stage-miller-opamp-gain60-ugb200-pm60-noise50uv-pvt/tests/benches/tb_op_ac.spi	ac,op	20a08e5571549156bf3bc140f987009e8c4a6c125702b4a600cdc25da621af18
16	sky130-two-stage-miller-opamp-gain60-ugb200-pm60-noise50uv-pvt	sources/upstream/tasks/sky130-two-stage-miller-opamp-gain60-ugb200-pm60-noise50uv-pvt/tests/benches/tb_psrr.spi	ac	7fc02e8e9f433962f40095d36b454363bfc780351422ede7760aca473910a730
16	sky130-two-stage-miller-opamp-gain60-ugb200-pm60-noise50uv-pvt	sources/upstream/tasks/sky130-two-stage-miller-opamp-gain60-ugb200-pm60-noise50uv-pvt/tests/benches/tb_settling.spi	tran	a0949a4ab78fed01816cce768516382e75b52eb216e8f0d90647410f475c489a
16	sky130-two-stage-miller-opamp-gain60-ugb200-pm60-noise50uv-pvt	sources/upstream/tasks/sky130-two-stage-miller-opamp-gain60-ugb200-pm60-noise50uv-pvt/tests/benches/tb_slew.spi	tran	bedf4ae39348afb59bd58327af14cf63eef7b19efa41d5f1cf58c141f03b2fd0
16	sky130-two-stage-miller-opamp-gain60-ugb200-pm60-noise50uv-pvt	sources/upstream/tasks/sky130-two-stage-miller-opamp-gain60-ugb200-pm60-noise50uv-pvt/tests/benches/tb_swing.spi	dc	323ea6be1799d3971bc482dc7f6518db50cf19dab65dc7ad2b1d71d1e64ed5b6
17	sky130-nmos-pass-ldo-0p4v-pvt-mc	sources/upstream/tasks/sky130-nmos-pass-ldo-0p4v-pvt-mc/environment/starter/testbench/tb_nominal.spi	ac,op	841e887174d6e0bf3cb56c9568debf9f02b0506c47ac03c25ede4d70be013260
17	sky130-nmos-pass-ldo-0p4v-pvt-mc	sources/upstream/tasks/sky130-nmos-pass-ldo-0p4v-pvt-mc/tests/benches/tb_mc.spi	op	5f169fc21b55812989690e62a15a0f76b1d1555c781ed18342a41314663cf50c
17	sky130-nmos-pass-ldo-0p4v-pvt-mc	sources/upstream/tasks/sky130-nmos-pass-ldo-0p4v-pvt-mc/tests/benches/tb_point.spi	ac,op	039d3736549256c5d9033689b64a8dae77fd322c242a56f7e8a245a712d270dc
18	sky130-regulated-charge-pump-10mhz-pvt	sources/upstream/tasks/sky130-regulated-charge-pump-10mhz-pvt/environment/starter/testbench/tb_charge_pump_regulated_ff_hot.spi	tran	eeffd7faad970d1bf978a952775984296a2101e243224fb5e0b3e9998adfb00b
18	sky130-regulated-charge-pump-10mhz-pvt	sources/upstream/tasks/sky130-regulated-charge-pump-10mhz-pvt/tests/benches/tb_charge_pump_regulated.spi	tran	61cb342ae045b55eb65fee52981ca1669912ba23b01d87bade4ddeef18cfb118
18	sky130-regulated-charge-pump-10mhz-pvt	sources/upstream/tasks/sky130-regulated-charge-pump-10mhz-pvt/tests/benches/tb_charge_pump_regulated_pd.spi	op	a186a845cd7e6d3b002170d6e89242740d71b54b796150624d26740747d295d6
19	sky130-switched-capacitor-2to1-converter-pvt	sources/upstream/tasks/sky130-switched-capacitor-2to1-converter-pvt/environment/starter/testbench/tb_heavy_tt.spi	tran	1eae7a564963342342584b30f5dc7bea54917c79d1c0fbe1a3aa27293dd9a62c
19	sky130-switched-capacitor-2to1-converter-pvt	sources/upstream/tasks/sky130-switched-capacitor-2to1-converter-pvt/environment/starter/testbench/tb_light_tt.spi	tran	234f94e0279fcc6a34e6838a79bbed05ef2c2f582cf122600c6f20f24d0aa976
19	sky130-switched-capacitor-2to1-converter-pvt	sources/upstream/tasks/sky130-switched-capacitor-2to1-converter-pvt/tests/benches/tb_heavy.spi	tran	b9242ca185fbe0b1f5ac38d1604ce9f1c7f0986312c59d5f4e73666efa6c5e1e
19	sky130-switched-capacitor-2to1-converter-pvt	sources/upstream/tasks/sky130-switched-capacitor-2to1-converter-pvt/tests/benches/tb_light.spi	tran	4f661570f6c48fc104c378705b7ec92bc87341ca73077b364f3339f862cff500
20	sky130-analog-input-mux-8to1-pvt	sources/upstream/tasks/sky130-analog-input-mux-8to1-pvt/environment/starter/testbench/analyze_mux.py	ac	6155bafcb52d1c3574ed6ebcc6542a87cc774cfca8ba7d2969c8e05b89b5f280
20	sky130-analog-input-mux-8to1-pvt	sources/upstream/tasks/sky130-analog-input-mux-8to1-pvt/environment/starter/testbench/tb_mux.spi	ac,op	0ca223224e18a548734ce0b25b806fc3c0942e3b9af9cd67c0ef03a3a9cd7f0e
20	sky130-analog-input-mux-8to1-pvt	sources/upstream/tasks/sky130-analog-input-mux-8to1-pvt/tests/benches/tb_mux.spi	ac,op	a758f4d551900e0b2033f23c92624c3b215ce69ff29762282b55964bf048e72c
20	sky130-analog-input-mux-8to1-pvt	sources/upstream/tasks/sky130-analog-input-mux-8to1-pvt/tests/fixtures/stuck_output.spi	fixture/reducer/template	6778160e29dccd617bd39b8ba2f27fad408c48e5048c4e0af0f60cd37a036563
20	sky130-analog-input-mux-8to1-pvt	sources/upstream/tasks/sky130-analog-input-mux-8to1-pvt/tests/fixtures/wrong_select.spi	fixture/reducer/template	efcce90f729953a9e5b35664d5917ce51c134161b13eecc8eda67b6098adbe68
21	sky130-high-psrr-bandgap-reference-pvt	sources/upstream/tasks/sky130-high-psrr-bandgap-reference-pvt/environment/starter/testbench/tb_bandgap_ac.spi	ac	c11e613cc2e3b3b6ca991dbe6ea958e8a1dfd67ed781b2bf4eb824ffdb04c1a3
21	sky130-high-psrr-bandgap-reference-pvt	sources/upstream/tasks/sky130-high-psrr-bandgap-reference-pvt/environment/starter/testbench/tb_bandgap_dc_temp.spi	dc	f20fdde8470a92a393fcb880c1320d786b2c894dd97fc4eaf1af3d7703d680c0
21	sky130-high-psrr-bandgap-reference-pvt	sources/upstream/tasks/sky130-high-psrr-bandgap-reference-pvt/environment/starter/testbench/tb_bandgap_startup.spi	op,tran	859a0ab0b3ac4cdd70d8a67ffe1841d9f2bbe774ace54a0a1a56e470b4b63bfc
21	sky130-high-psrr-bandgap-reference-pvt	sources/upstream/tasks/sky130-high-psrr-bandgap-reference-pvt/tests/benches/tb_bandgap_ac.spi	ac	c11e613cc2e3b3b6ca991dbe6ea958e8a1dfd67ed781b2bf4eb824ffdb04c1a3
21	sky130-high-psrr-bandgap-reference-pvt	sources/upstream/tasks/sky130-high-psrr-bandgap-reference-pvt/tests/benches/tb_bandgap_dc_temp.spi	dc	4b3f4029dfb8295f2639da40946f4c7d85b6f9ac09087ef7f6fb02e9500a1c86
21	sky130-high-psrr-bandgap-reference-pvt	sources/upstream/tasks/sky130-high-psrr-bandgap-reference-pvt/tests/benches/tb_bandgap_startup.spi	tran	c3f52ea3da5e10915fe3d89fe14ee9e646fa9a16ecce2b6280771104aaa29496
22	sky130-bootstrap-sampler-fft	sources/upstream/tasks/sky130-bootstrap-sampler-fft/environment/starter/testbench/check_nominal.py	fixture/reducer/template	6394e0da6956490f1da06f49d162efa5e1a7b705cabb563a23c6be170820dff9
22	sky130-bootstrap-sampler-fft	sources/upstream/tasks/sky130-bootstrap-sampler-fft/environment/starter/testbench/tb_fft_tt.spi	tran	6c23df320266118e3e1b844b29168605268c629be4443652846146273c4514b8
22	sky130-bootstrap-sampler-fft	sources/upstream/tasks/sky130-bootstrap-sampler-fft/environment/starter/testbench/tb_static_tt.spi	tran	b08d4f4c0a36a00220a0d7ea65cd5a6732c4cb5bc6c330d7040bf82fd5b0b15d
22	sky130-bootstrap-sampler-fft	sources/upstream/tasks/sky130-bootstrap-sampler-fft/tests/benches/tb_fft.spi	tran	b2757bb824908761d0f70951da43ef16d57772d645e2d6d86e3c353605dd335c
22	sky130-bootstrap-sampler-fft	sources/upstream/tasks/sky130-bootstrap-sampler-fft/tests/benches/tb_static.spi	tran	2f1e0adf6fbfb54f974797a288c0feed06cf18445d2ec048f7d77325fa88005e
23	sky130-cmos-switched-resistor-dac-5bit-pvt	sources/upstream/tasks/sky130-cmos-switched-resistor-dac-5bit-pvt/environment/starter/testbench/tb_code_window_tt.spi	tran	eb285f3f199b05ca8e5f12d238714d31979d14a2161a2eb0f53efa76878697f1
23	sky130-cmos-switched-resistor-dac-5bit-pvt	sources/upstream/tasks/sky130-cmos-switched-resistor-dac-5bit-pvt/environment/starter/testbench/tb_mismatch_seed_40999.spi	tran	cf377a445f1038521672d7d812a1f9e4c35c65a74e4c02faed1a8f3cb05f433c
23	sky130-cmos-switched-resistor-dac-5bit-pvt	sources/upstream/tasks/sky130-cmos-switched-resistor-dac-5bit-pvt/environment/starter/testbench/tb_output_resistance_code10_ss.spi	tran	30a4880193ac53ffbb01d2da345d580badcaf818c25ff0079dff814ee8bad1e2
23	sky130-cmos-switched-resistor-dac-5bit-pvt	sources/upstream/tasks/sky130-cmos-switched-resistor-dac-5bit-pvt/environment/starter/testbench/tb_transition_5_6_ff.spi	tran	cbcefeb407cd21288b617da31870274a99fa298f483e7b796c0891f4e9b50724
23	sky130-cmos-switched-resistor-dac-5bit-pvt	sources/upstream/tasks/sky130-cmos-switched-resistor-dac-5bit-pvt/tests/benches/tb_code_ramp.spi	tran	379d6a19deca8c3073dc422deebf4f877a2fcee9d56b89ee30860c916b1f2efa
23	sky130-cmos-switched-resistor-dac-5bit-pvt	sources/upstream/tasks/sky130-cmos-switched-resistor-dac-5bit-pvt/tests/benches/tb_major_carry.spi	tran	5d55f0736febc3feab4bf29ffbbdce4b87b8cf158506edfb6860bd7b9737cd02
23	sky130-cmos-switched-resistor-dac-5bit-pvt	sources/upstream/tasks/sky130-cmos-switched-resistor-dac-5bit-pvt/tests/benches/tb_mismatch_ramp.spi	tran	df60891c5c9045f382f6fa995a49d529af957750abc8e8b6078baae7a8e84d5f
23	sky130-cmos-switched-resistor-dac-5bit-pvt	sources/upstream/tasks/sky130-cmos-switched-resistor-dac-5bit-pvt/tests/benches/tb_output_resistance.spi	tran	dc00936f8c6e940cf6a1b0483d57e6ba00ce84198919bb31148191a32011be2b
24	sky130-current-starved-ring-vco-pvt	sources/upstream/tasks/sky130-current-starved-ring-vco-pvt/environment/starter/testbench/tb_push_high_tt.spi	tran	b14f2cd59c755963acfbf9d18e18999047331629d88dcc611c5acdf88a2ed9e3
24	sky130-current-starved-ring-vco-pvt	sources/upstream/tasks/sky130-current-starved-ring-vco-pvt/environment/starter/testbench/tb_push_low_tt.spi	tran	d4a044aa40d2848f096aabbc2e5edcf8030f7deb073f4dc7edf67afefe77d4fa
24	sky130-current-starved-ring-vco-pvt	sources/upstream/tasks/sky130-current-starved-ring-vco-pvt/environment/starter/testbench/tb_push_tt.spi	tran	91b4b0efbc8b49997a013b10706bfa24ed529a548532110a34f2a3c720c5b9d8
24	sky130-current-starved-ring-vco-pvt	sources/upstream/tasks/sky130-current-starved-ring-vco-pvt/environment/starter/testbench/tb_tune_tt.spi	tran	3df80c64f7ece0d08377ce992a31c50a1caa9f5383943e82f0ac4087b9212f03
24	sky130-current-starved-ring-vco-pvt	sources/upstream/tasks/sky130-current-starved-ring-vco-pvt/tests/benches/tb_push.spi	tran	43b8daf663d5655ca662efe7117a8f728a18c1056f3011b358980cf696de5b2a
24	sky130-current-starved-ring-vco-pvt	sources/upstream/tasks/sky130-current-starved-ring-vco-pvt/tests/benches/tb_tune.spi	tran	d12c61d2ba582d321c9dbbae5801e153d9ea11cb9ca04f1ef1b8bcdd9a015747
25	sky130-complementary-folded-cascode-ab-opamp-pvt	sources/upstream/tasks/sky130-complementary-folded-cascode-ab-opamp-pvt/environment/starter/testbench/tb_ac_tt.spi	ac,op	d71bafc8a4524fd3154b4da699e0016ed116e05f80a59f637aad475c5fa4df3d
25	sky130-complementary-folded-cascode-ab-opamp-pvt	sources/upstream/tasks/sky130-complementary-folded-cascode-ab-opamp-pvt/environment/starter/testbench/tb_cmrr_tt.spi	ac	bb33058d04475dbe84b06fdb7d6f70f2d5f4273246f3e3557bb7041952eb6c1e
25	sky130-complementary-folded-cascode-ab-opamp-pvt	sources/upstream/tasks/sky130-complementary-folded-cascode-ab-opamp-pvt/environment/starter/testbench/tb_noise_tt.spi	noise	845aee4afcccda59888c70e30a6133bb39c28bc62b535f29386dccf712961ed4
25	sky130-complementary-folded-cascode-ab-opamp-pvt	sources/upstream/tasks/sky130-complementary-folded-cascode-ab-opamp-pvt/environment/starter/testbench/tb_offset_tt_mm.spi	op	1aca65733ea803242ad46e49038e96070dd44573e693db7da8be39a4915e8f6d
25	sky130-complementary-folded-cascode-ab-opamp-pvt	sources/upstream/tasks/sky130-complementary-folded-cascode-ab-opamp-pvt/environment/starter/testbench/tb_psrr_tt.spi	ac	80e744b0052dcd563895c078e64b93df31a676a2e1143e34959fbcc55d3d570c
25	sky130-complementary-folded-cascode-ab-opamp-pvt	sources/upstream/tasks/sky130-complementary-folded-cascode-ab-opamp-pvt/environment/starter/testbench/tb_step_ff.spi	tran	8e39bf62cb0f81dacf8d38fd3aa2368031e97df2d8e5bd65e9f14764b6dafe39
25	sky130-complementary-folded-cascode-ab-opamp-pvt	sources/upstream/tasks/sky130-complementary-folded-cascode-ab-opamp-pvt/environment/starter/testbench/tb_thd_tt.spi	tran	f8dfc890f6dacc6538e3ba341180c2d32205ab00d317f553010ef6773e39bf1d
25	sky130-complementary-folded-cascode-ab-opamp-pvt	sources/upstream/tasks/sky130-complementary-folded-cascode-ab-opamp-pvt/environment/starter/testbench/tb_track_ss.spi	dc,op	2883ce3faf6a8d3c214211a3892dbfbc2172a77f49c6ffc902ac063cbb43eae7
25	sky130-complementary-folded-cascode-ab-opamp-pvt	sources/upstream/tasks/sky130-complementary-folded-cascode-ab-opamp-pvt/tests/benches/tb_ac.spi	ac,op	b9be13dbc808749d140209081aabcda4f3494a69155445159f5420efd1553855
25	sky130-complementary-folded-cascode-ab-opamp-pvt	sources/upstream/tasks/sky130-complementary-folded-cascode-ab-opamp-pvt/tests/benches/tb_cmrr.spi	ac	086136234606fcb3223f426e845ce1b4280bbcbc5aa3b9141af87a1072c52872
25	sky130-complementary-folded-cascode-ab-opamp-pvt	sources/upstream/tasks/sky130-complementary-folded-cascode-ab-opamp-pvt/tests/benches/tb_noise.spi	noise	549de428f6c976b5c9a4ebda4fd1a122a4e00df0e8ea7262488eb82b5b2477f9
25	sky130-complementary-folded-cascode-ab-opamp-pvt	sources/upstream/tasks/sky130-complementary-folded-cascode-ab-opamp-pvt/tests/benches/tb_offset.spi	op	90fc3a6a091328377c399c861ceb86e2d779b391e42fee474c89b5f9baacb37a
25	sky130-complementary-folded-cascode-ab-opamp-pvt	sources/upstream/tasks/sky130-complementary-folded-cascode-ab-opamp-pvt/tests/benches/tb_psrr.spi	ac	ec610adc59446b4d766888ac4f2ed53838002a6f4be9621ee0babc492f27aba1
25	sky130-complementary-folded-cascode-ab-opamp-pvt	sources/upstream/tasks/sky130-complementary-folded-cascode-ab-opamp-pvt/tests/benches/tb_step.spi	tran	a4ba22bdc35d338d7e87a5dcb01bd0da0279c2f1e4876091c7e908b0a3e8b3f7
25	sky130-complementary-folded-cascode-ab-opamp-pvt	sources/upstream/tasks/sky130-complementary-folded-cascode-ab-opamp-pvt/tests/benches/tb_thd.spi	tran	862d67770804633d0368a15267a3cfda9a3d553de5917e002d5cb6d248c9180e
25	sky130-complementary-folded-cascode-ab-opamp-pvt	sources/upstream/tasks/sky130-complementary-folded-cascode-ab-opamp-pvt/tests/benches/tb_track.spi	dc,op	963e33968140b97055eb3ac6747ed401ac60c6df651b4ef8ada480c9111e90f0
26	sky130-fully-differential-ota-c-biquad-pvt	sources/upstream/tasks/sky130-fully-differential-ota-c-biquad-pvt/environment/starter/testbench/tb_ac_tt.spi	ac,op	a0d8a76caaa1558ef224744dc10cf339fbbce09687a16a3cf44b138897d243c5
26	sky130-fully-differential-ota-c-biquad-pvt	sources/upstream/tasks/sky130-fully-differential-ota-c-biquad-pvt/environment/starter/testbench/tb_cmstep_tt.spi	tran	80be7557a6039c51df5220685efa32d1dc764e80c286e776293acd602d531fec
26	sky130-fully-differential-ota-c-biquad-pvt	sources/upstream/tasks/sky130-fully-differential-ota-c-biquad-pvt/environment/starter/testbench/tb_noise_tt.spi	noise	ee123b3e3c3d93d191fd05855b0cf21e46ab6ce1b8cfcd47915fdf58999b8100
26	sky130-fully-differential-ota-c-biquad-pvt	sources/upstream/tasks/sky130-fully-differential-ota-c-biquad-pvt/environment/starter/testbench/tb_thd_f0_sf_hot.spi	tran	f8ea750f51c101ef138a102e0c21066aecccf9d67924b54b4a9c81d1a7a305d9
26	sky130-fully-differential-ota-c-biquad-pvt	sources/upstream/tasks/sky130-fully-differential-ota-c-biquad-pvt/environment/starter/testbench/tb_thd_large_sf_hot.spi	tran	7888aaae28ce54e7db3da3bd9ea990f164e8953eb78dd7e2ae91fb6c13e456e2
26	sky130-fully-differential-ota-c-biquad-pvt	sources/upstream/tasks/sky130-fully-differential-ota-c-biquad-pvt/environment/starter/testbench/tb_thd_sf_hot.spi	tran	67d4ae53f7c6b7cdb6a341c05c0ecd1d9a23740eec4d5d1a8b196b796583d1bb
26	sky130-fully-differential-ota-c-biquad-pvt	sources/upstream/tasks/sky130-fully-differential-ota-c-biquad-pvt/tests/benches/tb_ac.spi	ac,op	a24d02f64475c9e502b6c770f5f299735e592a991af33bc5878a97cd92695096
26	sky130-fully-differential-ota-c-biquad-pvt	sources/upstream/tasks/sky130-fully-differential-ota-c-biquad-pvt/tests/benches/tb_cmstep.spi	tran	a5afd035abb5d5a05a889423eedafd35b6faeb949c7678ad768c1c411f397c23
26	sky130-fully-differential-ota-c-biquad-pvt	sources/upstream/tasks/sky130-fully-differential-ota-c-biquad-pvt/tests/benches/tb_noise.spi	noise	5f9c47f307687825d46e43fed4363696dc0e4382b43b4bc21fa9596a3e5c5f4d
26	sky130-fully-differential-ota-c-biquad-pvt	sources/upstream/tasks/sky130-fully-differential-ota-c-biquad-pvt/tests/benches/tb_thd.spi	tran	87bcd32e5d3d9310974ca6b85db4edc539586b3be4ff42c6ed74930373d934b9
26	sky130-fully-differential-ota-c-biquad-pvt	sources/upstream/tasks/sky130-fully-differential-ota-c-biquad-pvt/tests/benches/tb_thd2.spi	tran	b59aba88f49869c7ce0d4ed1164f59b58b13620fdff6c54ace6a3fe8e3a2adfd
26	sky130-fully-differential-ota-c-biquad-pvt	sources/upstream/tasks/sky130-fully-differential-ota-c-biquad-pvt/tests/benches/tb_thd_f0.spi	tran	12e4c3ff291354a0f3d8123da516b910a1ad647d75889ebc0b34f6cf77fe0021
27	sky130-flash-adc-4bit-50msps	sources/upstream/tasks/sky130-flash-adc-4bit-50msps/environment/starter/testbench/analyze_flash_adc.py	noise	795e2da8e3b69da32a33b3daf3b148127e1debca12bf6fe0c343636677b11f49
27	sky130-flash-adc-4bit-50msps	sources/upstream/tasks/sky130-flash-adc-4bit-50msps/environment/starter/testbench/tb_dynamic_tt.spi	tran	7e2bc55711fcf28f7d6b8f5d13fe74ccc9e4a2f13bc900fe5970304a28f74400
27	sky130-flash-adc-4bit-50msps	sources/upstream/tasks/sky130-flash-adc-4bit-50msps/environment/starter/testbench/tb_linearity_tt.spi	tran	c289dd97f37458fd5f6711ee10334b01cdb26669e24c2e98cc34d8cf2c5c601e
27	sky130-flash-adc-4bit-50msps	sources/upstream/tasks/sky130-flash-adc-4bit-50msps/environment/starter/testbench/tb_transfer_tt.spi	tran	ac4524d7dba6a004a4ad4718d564cc6e86ef5ba1546e449d844c932b6717b74a
27	sky130-flash-adc-4bit-50msps	sources/upstream/tasks/sky130-flash-adc-4bit-50msps/tests/benches/tb_dynamic.spi	tran	e24ad9c9dc271075189983f0e2edf434f3678035980d12b9ff285aa8546cb2d3
27	sky130-flash-adc-4bit-50msps	sources/upstream/tasks/sky130-flash-adc-4bit-50msps/tests/benches/tb_inl_dnl.spi	tran	065490ed3da6fa56df6a71cf9f8bc3ec35fdf570f3489b7b7c63532a16bbb65d
27	sky130-flash-adc-4bit-50msps	sources/upstream/tasks/sky130-flash-adc-4bit-50msps/tests/benches/tb_transfer.spi	tran	4f1c1eb4e94599f35a07d36ef7e98548ed7ce494b2a9491fdc685343cc2278c2
28	sky130-fct-residue-amplifier-900msps	sources/upstream/tasks/sky130-fct-residue-amplifier-900msps/environment/starter/testbench/analyze_fct.py	fixture/reducer/template	67f0f2d8218d396ae1d78cb5f1bdc9eaa5d4201b9a1c4bbb4e7630c06bd4266e
28	sky130-fct-residue-amplifier-900msps	sources/upstream/tasks/sky130-fct-residue-amplifier-900msps/environment/starter/testbench/fct_fixture.spi	fixture/reducer/template	bd73770b456f92b7843ca760c410286a9a6b8bf9e85ad58b441717097f834767
28	sky130-fct-residue-amplifier-900msps	sources/upstream/tasks/sky130-fct-residue-amplifier-900msps/environment/starter/testbench/tb_dynamic_tt.spi	tran	b369bee4d2e3c0ad7a53eab80f1e21beccf6db77174963e398f3bf57ed8248e8
28	sky130-fct-residue-amplifier-900msps	sources/upstream/tasks/sky130-fct-residue-amplifier-900msps/environment/starter/testbench/tb_dynamic_tt_20mv.spi	tran	7b9020032eab8d1cb5c2600a5600d09faf77776b5fb89989153a8ad46759af81
28	sky130-fct-residue-amplifier-900msps	sources/upstream/tasks/sky130-fct-residue-amplifier-900msps/tests/benches/fct_fixture.spi	fixture/reducer/template	bd73770b456f92b7843ca760c410286a9a6b8bf9e85ad58b441717097f834767
28	sky130-fct-residue-amplifier-900msps	sources/upstream/tasks/sky130-fct-residue-amplifier-900msps/tests/benches/tb_dynamic_pvt.spi	tran	ba9b10f7ae561f7ccc7fe9acb59aed2b2f9cc9bdbb94c076d69a05b1ef034276
28	sky130-fct-residue-amplifier-900msps	sources/upstream/tasks/sky130-fct-residue-amplifier-900msps/tests/benches/tb_large_signal_tt.spi	tran	47765ad1842c5f8706169ef96b14645376cacf85fe6861435b518d1e977f3fd7
29	sky130-ahuja-compensated-two-stage-load-range-pvt	sources/upstream/tasks/sky130-ahuja-compensated-two-stage-load-range-pvt/environment/starter/testbench/tb_ac_heavy_ss.spi	ac	827c331eabf04979105dd1dcca2631027ac3dac9571cb6a95c17e1a961554cda
29	sky130-ahuja-compensated-two-stage-load-range-pvt	sources/upstream/tasks/sky130-ahuja-compensated-two-stage-load-range-pvt/environment/starter/testbench/tb_ac_light_tt.spi	ac,op	c60e08e8200a1f06f184fa63ab1f9987c754dac4e9c10636bb2d8d7eb3342e99
29	sky130-ahuja-compensated-two-stage-load-range-pvt	sources/upstream/tasks/sky130-ahuja-compensated-two-stage-load-range-pvt/environment/starter/testbench/tb_step_tt.spi	tran	50772d8d84b2aa54bf9cbb7f789618d16eef96efcea68eee9ef662e7ca797b2f
29	sky130-ahuja-compensated-two-stage-load-range-pvt	sources/upstream/tasks/sky130-ahuja-compensated-two-stage-load-range-pvt/tests/benches/tb_ac_heavy.spi	ac	85e8048d40f16d6e9365470b549a91de170530f45d42e712d08eeaf85e5e6254
29	sky130-ahuja-compensated-two-stage-load-range-pvt	sources/upstream/tasks/sky130-ahuja-compensated-two-stage-load-range-pvt/tests/benches/tb_ac_light.spi	ac,op	df918ee79019301bab65c77bea721fb7947ca427321667c8e29027dfd8eb1ab5
29	sky130-ahuja-compensated-two-stage-load-range-pvt	sources/upstream/tasks/sky130-ahuja-compensated-two-stage-load-range-pvt/tests/benches/tb_ac_mid.spi	ac	8ad8cac06d1b73d460aae30d3c49435ad8cf36b87c26b6c5dc39071d1fe9b993
29	sky130-ahuja-compensated-two-stage-load-range-pvt	sources/upstream/tasks/sky130-ahuja-compensated-two-stage-load-range-pvt/tests/benches/tb_step.spi	tran	a79857424b801fb89f0cf4c3e0664b0de052ebbf1735e66825a79e09f786afa1
30	sky130-gilbert-cell-mixer-2p4ghz-pvt-mismatch	sources/upstream/tasks/sky130-gilbert-cell-mixer-2p4ghz-pvt-mismatch/environment/starter/testbench/tb_linearity_ss_example.spi	tran	2d27826f206d9a968788cabbea82dfa5cc1a262472fb99502c778ec20520d2e2
30	sky130-gilbert-cell-mixer-2p4ghz-pvt-mismatch	sources/upstream/tasks/sky130-gilbert-cell-mixer-2p4ghz-pvt-mismatch/environment/starter/testbench/tb_mismatch_tt_mm.spi	tran	66acf5d55413f216299e78460fd0a6ca8b3981f2d5bb8826d837b17add45a079
30	sky130-gilbert-cell-mixer-2p4ghz-pvt-mismatch	sources/upstream/tasks/sky130-gilbert-cell-mixer-2p4ghz-pvt-mismatch/environment/starter/testbench/tb_rf_tt_2p4ghz.spi	tran	798fb8008d135b6902fed9f3a2b86e8601cc40601ba160bdd29f73b49cb8f858
30	sky130-gilbert-cell-mixer-2p4ghz-pvt-mismatch	sources/upstream/tasks/sky130-gilbert-cell-mixer-2p4ghz-pvt-mismatch/tests/benches/tb_linearity.spi	tran	27c116d963d290015d1af0e0d7ea5307f456be0e64d0a2994e0547c06447e1ac
30	sky130-gilbert-cell-mixer-2p4ghz-pvt-mismatch	sources/upstream/tasks/sky130-gilbert-cell-mixer-2p4ghz-pvt-mismatch/tests/benches/tb_rf.spi	tran	b79ac86c8f3a4b96f0921a9cf54ea1a0e042134697909527d5bf7d58382b8a3e
31	sky130-bottom-plate-sampler-pvt	sources/upstream/tasks/sky130-bottom-plate-sampler-pvt/environment/starter/testbench/run_fft_tt.py	fixture/reducer/template	d414d585a2147f1e98127a60b8cbb612fe536ed943fa42604e597a568853a515
31	sky130-bottom-plate-sampler-pvt	sources/upstream/tasks/sky130-bottom-plate-sampler-pvt/environment/starter/testbench/tb_acquisition_tt.spi	tran	e6c74ddd5f7521a6c7e728cfaae5dfb63936493785fabe9b30edd34bddbbc5a3
31	sky130-bottom-plate-sampler-pvt	sources/upstream/tasks/sky130-bottom-plate-sampler-pvt/environment/starter/testbench/tb_fft_tt.spi	tran	bb9129510ff5d6def7064e0e72721e1d1a7b6a0826dac3cf265dd28ba594788c
31	sky130-bottom-plate-sampler-pvt	sources/upstream/tasks/sky130-bottom-plate-sampler-pvt/environment/starter/testbench/tb_hold_tt.spi	tran	8703c7dccfdd01a2752a80295a78f28857e7da8cf34db89b5185be630fbd6264
31	sky130-bottom-plate-sampler-pvt	sources/upstream/tasks/sky130-bottom-plate-sampler-pvt/tests/benches/tb_fft.spi	tran	1739aef2dcd618bcc8250311693c624937a3f023832abe6715c3a475b9971a4d
31	sky130-bottom-plate-sampler-pvt	sources/upstream/tasks/sky130-bottom-plate-sampler-pvt/tests/benches/tb_hold.spi	tran	56fadee44b340c2a91a2491befe8e648dea82048934c24c681045aedeb451aec
31	sky130-bottom-plate-sampler-pvt	sources/upstream/tasks/sky130-bottom-plate-sampler-pvt/tests/benches/tb_static.spi	tran	c053858d7fa4205ec445468b3d1334d0f79289ca7b3637721f2692f474d62a0e
32	sky130-cml-tx-driver-28g-nrz-pvt	sources/upstream/tasks/sky130-cml-tx-driver-28g-nrz-pvt/environment/starter/testbench/analyze_ac.py	fixture/reducer/template	2e1f2a25ca69f90faee96f4f8f06f9c67658a8e72f8dc331182470e0340380db
32	sky130-cml-tx-driver-28g-nrz-pvt	sources/upstream/tasks/sky130-cml-tx-driver-28g-nrz-pvt/environment/starter/testbench/analyze_prbs7.py	fixture/reducer/template	d09bc75b5d93cd1cf61559790902d407e315b8d91311d704029f5f3f9df2b597
32	sky130-cml-tx-driver-28g-nrz-pvt	sources/upstream/tasks/sky130-cml-tx-driver-28g-nrz-pvt/environment/starter/testbench/analyze_sensitivity.py	fixture/reducer/template	16d42e88746783913df9e2b92a82ad785536762a9a0f207a005b20202d9741c1
32	sky130-cml-tx-driver-28g-nrz-pvt	sources/upstream/tasks/sky130-cml-tx-driver-28g-nrz-pvt/environment/starter/testbench/gen_prbs7.py	fixture/reducer/template	8475fe540fb00e4f2503adadca1b525aeaf780a70448eb68786c467ba850d4c8
32	sky130-cml-tx-driver-28g-nrz-pvt	sources/upstream/tasks/sky130-cml-tx-driver-28g-nrz-pvt/environment/starter/testbench/gen_sensitivity.py	fixture/reducer/template	7862e7bb3f68e22f12e835f5ca531cc1075ec930c59a268a5d4523c25343c670
32	sky130-cml-tx-driver-28g-nrz-pvt	sources/upstream/tasks/sky130-cml-tx-driver-28g-nrz-pvt/environment/starter/testbench/tb_ac_tt.spi	ac	bdf2a165a19aef667196eeb35ef2c56f57e0e887a0ec4540f9e8b8eb7d8bc6b0
32	sky130-cml-tx-driver-28g-nrz-pvt	sources/upstream/tasks/sky130-cml-tx-driver-28g-nrz-pvt/environment/starter/testbench/tb_prbs7_tt.spi	tran	3b2293c381110bf7e026998ff9b10a7597e668a0bb107f87f175ad6161fcfde2
32	sky130-cml-tx-driver-28g-nrz-pvt	sources/upstream/tasks/sky130-cml-tx-driver-28g-nrz-pvt/environment/starter/testbench/tb_sensitivity_tt.spi	tran	106fc53eced36b4e7f73bafac90116533184ec10f61a946daa5d912c55a308f6
32	sky130-cml-tx-driver-28g-nrz-pvt	sources/upstream/tasks/sky130-cml-tx-driver-28g-nrz-pvt/environment/starter/testbench/tb_static_tt.spi	op	61ea1518119c6152de43606672ddc358886b2e59b33aca799762cea8337eb549
32	sky130-cml-tx-driver-28g-nrz-pvt	sources/upstream/tasks/sky130-cml-tx-driver-28g-nrz-pvt/tests/benches/tb_ac.spi	ac	89b7f4727196fca5318c706c8aa106098ea619dbefe6f594c03d909dad3e6ab1
32	sky130-cml-tx-driver-28g-nrz-pvt	sources/upstream/tasks/sky130-cml-tx-driver-28g-nrz-pvt/tests/benches/tb_prbs7.spi	tran	e5c7b6c53c52ea492c55bfa81e4a14419e09e7a0cfe374b0d144f98bdb2a21e0
32	sky130-cml-tx-driver-28g-nrz-pvt	sources/upstream/tasks/sky130-cml-tx-driver-28g-nrz-pvt/tests/benches/tb_sensitivity.spi	tran	c9a77567a6c1519dbc19ddee5bd51b9b65b7d08158b9b2dbae9da83fe555cd69
32	sky130-cml-tx-driver-28g-nrz-pvt	sources/upstream/tasks/sky130-cml-tx-driver-28g-nrz-pvt/tests/benches/tb_static.spi	op	7f38773926afa9a786a0cc5f1112ec933fdfdd9697b7ab5be6b7c7840f1c0145
33	sky130-fd-sampling-feedback-ota-gain1-settling40ns-noise300uv-pvt-mc	sources/upstream/tasks/sky130-fd-sampling-feedback-ota-gain1-settling40ns-noise300uv-pvt-mc/environment/starter/testbench/tb_cmfb_nominal.spi	tran	9d41056b5543af8b7c4ee33d1d8ba7efa96a23d916a2fe5b3589e868bf70a5b8
33	sky130-fd-sampling-feedback-ota-gain1-settling40ns-noise300uv-pvt-mc	sources/upstream/tasks/sky130-fd-sampling-feedback-ota-gain1-settling40ns-noise300uv-pvt-mc/environment/starter/testbench/tb_loop_nominal.spi	ac,op	3572ca091ffd0e3874130422d2d06e2af13f0015705173d507d5b92aac0a4fe0
33	sky130-fd-sampling-feedback-ota-gain1-settling40ns-noise300uv-pvt-mc	sources/upstream/tasks/sky130-fd-sampling-feedback-ota-gain1-settling40ns-noise300uv-pvt-mc/environment/starter/testbench/tb_mismatch_nominal.spi	ac	7aa909c333fd17dd9035315f5693055053edb1b6df433564757bbe48091d7840
33	sky130-fd-sampling-feedback-ota-gain1-settling40ns-noise300uv-pvt-mc	sources/upstream/tasks/sky130-fd-sampling-feedback-ota-gain1-settling40ns-noise300uv-pvt-mc/environment/starter/testbench/tb_noise_nominal.spi	noise	47f73bfb85209e81169bd4b65f2241e520f4c9db6dcd5337fbe45980cbde4b9d
33	sky130-fd-sampling-feedback-ota-gain1-settling40ns-noise300uv-pvt-mc	sources/upstream/tasks/sky130-fd-sampling-feedback-ota-gain1-settling40ns-noise300uv-pvt-mc/environment/starter/testbench/tb_nominal.spi	tran	49807d7c71439a2e9e4cdc04b37cd0a45a5a4b4649960eb2c60797215b71b0e9
33	sky130-fd-sampling-feedback-ota-gain1-settling40ns-noise300uv-pvt-mc	sources/upstream/tasks/sky130-fd-sampling-feedback-ota-gain1-settling40ns-noise300uv-pvt-mc/environment/starter/testbench/tb_range_nominal.spi	dc	1582005d3075feab1939558bffdaeac96c61a1975f021218e75f82446b59eba9
33	sky130-fd-sampling-feedback-ota-gain1-settling40ns-noise300uv-pvt-mc	sources/upstream/tasks/sky130-fd-sampling-feedback-ota-gain1-settling40ns-noise300uv-pvt-mc/tests/benches/tb_cmfb_recovery.spi	tran	149c0349fbffd8411bb2546660a77464c75f108d8866879cccd3b2261a7d1d0a
33	sky130-fd-sampling-feedback-ota-gain1-settling40ns-noise300uv-pvt-mc	sources/upstream/tasks/sky130-fd-sampling-feedback-ota-gain1-settling40ns-noise300uv-pvt-mc/tests/benches/tb_loop.spi	ac,op	f1b381d3ec53ea40fec94f6666b5a9f343c260bb1f3b9085c2b7d6ae8315899b
33	sky130-fd-sampling-feedback-ota-gain1-settling40ns-noise300uv-pvt-mc	sources/upstream/tasks/sky130-fd-sampling-feedback-ota-gain1-settling40ns-noise300uv-pvt-mc/tests/benches/tb_mc.spi	ac	9dd442919d43e229d875db84f7b5968ef402fb5fc46a14745e83bd2450f82f5d
33	sky130-fd-sampling-feedback-ota-gain1-settling40ns-noise300uv-pvt-mc	sources/upstream/tasks/sky130-fd-sampling-feedback-ota-gain1-settling40ns-noise300uv-pvt-mc/tests/benches/tb_noise.spi	noise	8fecb598831b55a455e3ca09beb792d475d036d57633536859ca5be6fa45f0b8
33	sky130-fd-sampling-feedback-ota-gain1-settling40ns-noise300uv-pvt-mc	sources/upstream/tasks/sky130-fd-sampling-feedback-ota-gain1-settling40ns-noise300uv-pvt-mc/tests/benches/tb_ranges.spi	dc	77ff6c08482ca495d43729e4ed7f045ec647db6dd48c3ee016c1388057acb455
33	sky130-fd-sampling-feedback-ota-gain1-settling40ns-noise300uv-pvt-mc	sources/upstream/tasks/sky130-fd-sampling-feedback-ota-gain1-settling40ns-noise300uv-pvt-mc/tests/benches/tb_settling.spi	tran	d5b6d63d33246eb8d789a1c4ba5c3168b76b8a4420cad8101104bb04a3a2593b
34	sky130-fd-sampling-feedback-ota-gain8-settling10ns-noise1mv-pvt-mc	sources/upstream/tasks/sky130-fd-sampling-feedback-ota-gain8-settling10ns-noise1mv-pvt-mc/environment/starter/testbench/tb_cmfb_nominal.spi	tran	f7fdad1669c179cce84a8270114753dc0dbe560aa7d45cb46c3072d8169cef34
34	sky130-fd-sampling-feedback-ota-gain8-settling10ns-noise1mv-pvt-mc	sources/upstream/tasks/sky130-fd-sampling-feedback-ota-gain8-settling10ns-noise1mv-pvt-mc/environment/starter/testbench/tb_loop_nominal.spi	ac,op	c47dcc7a36cef21f21381c4403288b8daf65deece769021881ceb972f2bc2cb0
34	sky130-fd-sampling-feedback-ota-gain8-settling10ns-noise1mv-pvt-mc	sources/upstream/tasks/sky130-fd-sampling-feedback-ota-gain8-settling10ns-noise1mv-pvt-mc/environment/starter/testbench/tb_mismatch_nominal.spi	ac	ade2c99a36062786e637d221b6796cc68a85cff9e8f82b9bb359b0cd4291dd88
34	sky130-fd-sampling-feedback-ota-gain8-settling10ns-noise1mv-pvt-mc	sources/upstream/tasks/sky130-fd-sampling-feedback-ota-gain8-settling10ns-noise1mv-pvt-mc/environment/starter/testbench/tb_noise_nominal.spi	noise	fc1cf02858a7ebae7e31f596088922bcf2b1227f1a642a0dd2f843556003181d
34	sky130-fd-sampling-feedback-ota-gain8-settling10ns-noise1mv-pvt-mc	sources/upstream/tasks/sky130-fd-sampling-feedback-ota-gain8-settling10ns-noise1mv-pvt-mc/environment/starter/testbench/tb_nominal.spi	tran	f5ada07ae75cec5eb960e14ae57ac356e63b7ca047340c46b63c63b4bc4e6bb7
34	sky130-fd-sampling-feedback-ota-gain8-settling10ns-noise1mv-pvt-mc	sources/upstream/tasks/sky130-fd-sampling-feedback-ota-gain8-settling10ns-noise1mv-pvt-mc/environment/starter/testbench/tb_range_nominal.spi	dc	d7fcce3d34f4164dac83732704965da5e5ca88d7fce9381fc9535fa04c61723b
34	sky130-fd-sampling-feedback-ota-gain8-settling10ns-noise1mv-pvt-mc	sources/upstream/tasks/sky130-fd-sampling-feedback-ota-gain8-settling10ns-noise1mv-pvt-mc/tests/benches/tb_cmfb_recovery.spi	tran	d5f70396ba3fa77e0890962b73bf78ce80f7bacf6074b03ea62210bb45efb97a
34	sky130-fd-sampling-feedback-ota-gain8-settling10ns-noise1mv-pvt-mc	sources/upstream/tasks/sky130-fd-sampling-feedback-ota-gain8-settling10ns-noise1mv-pvt-mc/tests/benches/tb_loop.spi	ac,op	d3c00f3e7398a4c580ed2bf6f0c7289cc5f9a3f9a3a4af600e18ebe97f7ffa98
34	sky130-fd-sampling-feedback-ota-gain8-settling10ns-noise1mv-pvt-mc	sources/upstream/tasks/sky130-fd-sampling-feedback-ota-gain8-settling10ns-noise1mv-pvt-mc/tests/benches/tb_mc.spi	ac	738875c597d59faa679d3bc0b3abab6ddfd32e039a29333ceda1a7203a80e924
34	sky130-fd-sampling-feedback-ota-gain8-settling10ns-noise1mv-pvt-mc	sources/upstream/tasks/sky130-fd-sampling-feedback-ota-gain8-settling10ns-noise1mv-pvt-mc/tests/benches/tb_noise.spi	noise	4d5bae7be5a9ffc00d73a1fc63decb3a1f63490fbe38a32b8bda642b96b3170b
34	sky130-fd-sampling-feedback-ota-gain8-settling10ns-noise1mv-pvt-mc	sources/upstream/tasks/sky130-fd-sampling-feedback-ota-gain8-settling10ns-noise1mv-pvt-mc/tests/benches/tb_ranges.spi	dc	021cfb50da351d73863b3bddf564b7c636ff05f7d1ef876910335f051463ed43
34	sky130-fd-sampling-feedback-ota-gain8-settling10ns-noise1mv-pvt-mc	sources/upstream/tasks/sky130-fd-sampling-feedback-ota-gain8-settling10ns-noise1mv-pvt-mc/tests/benches/tb_settling.spi	tran	9a016f70f7eda8919e4dee38b5cd9fba58addf60fb654b2e430076e3d8d27e1b
35	sky130-fd-two-stage-miller-opamp-gain60-pm60-noise50uv-pvt	sources/upstream/tasks/sky130-fd-two-stage-miller-opamp-gain60-pm60-noise50uv-pvt/environment/starter/testbench/tb_ac_ss.spi	ac,op	31d7fb3aad44ca314766af4629638f8de440d2c3300b8d5a7732aee39223d794
35	sky130-fd-two-stage-miller-opamp-gain60-pm60-noise50uv-pvt	sources/upstream/tasks/sky130-fd-two-stage-miller-opamp-gain60-pm60-noise50uv-pvt/environment/starter/testbench/tb_ac_tt.spi	ac,op	45f9e30a2735bf6e19b985dbd91d84205773a38fe4a1990feb6e7554b7c0c4fe
35	sky130-fd-two-stage-miller-opamp-gain60-pm60-noise50uv-pvt	sources/upstream/tasks/sky130-fd-two-stage-miller-opamp-gain60-pm60-noise50uv-pvt/environment/starter/testbench/tb_cm_recovery_ff.spi	tran	d77a966ffba9a28cdb9e10a6ed5dbec87e62aa3b160832df2888d66675460d4c
35	sky130-fd-two-stage-miller-opamp-gain60-pm60-noise50uv-pvt	sources/upstream/tasks/sky130-fd-two-stage-miller-opamp-gain60-pm60-noise50uv-pvt/environment/starter/testbench/tb_mismatch_tt.spi	ac	ecce8fa65f62d5545e120b8444ee0bd2fe178e3b075ee0b73b5f879045bec8b7
35	sky130-fd-two-stage-miller-opamp-gain60-pm60-noise50uv-pvt	sources/upstream/tasks/sky130-fd-two-stage-miller-opamp-gain60-pm60-noise50uv-pvt/environment/starter/testbench/tb_noise_ff.spi	noise	231cf266367f32c8b9e4e81a12b1a84761731db2f312076f8a64c3e48bbf6399
35	sky130-fd-two-stage-miller-opamp-gain60-pm60-noise50uv-pvt	sources/upstream/tasks/sky130-fd-two-stage-miller-opamp-gain60-pm60-noise50uv-pvt/environment/starter/testbench/tb_settling_ss.spi	tran	872d1f35e5450744770acdc59fd5f58ed75ac596b0811c49632a57937df98c36
35	sky130-fd-two-stage-miller-opamp-gain60-pm60-noise50uv-pvt	sources/upstream/tasks/sky130-fd-two-stage-miller-opamp-gain60-pm60-noise50uv-pvt/environment/starter/testbench/tb_swing_tt.spi	dc	30fac5aae6c3347c511925bb46d4319009c65be6ce872d9f326e1ab5af3dd7e9
35	sky130-fd-two-stage-miller-opamp-gain60-pm60-noise50uv-pvt	sources/upstream/tasks/sky130-fd-two-stage-miller-opamp-gain60-pm60-noise50uv-pvt/tests/benches/tb_cm_recovery.spi	tran	4b2e9f5c68174aae77669396aa05118330d2a1c9332123ac17d8b26f7ef17103
35	sky130-fd-two-stage-miller-opamp-gain60-pm60-noise50uv-pvt	sources/upstream/tasks/sky130-fd-two-stage-miller-opamp-gain60-pm60-noise50uv-pvt/tests/benches/tb_mc.spi	ac	57cb405fc97c5b5859892c0d6bf8595daca9e25f73763c8c59145c9c76be84da
35	sky130-fd-two-stage-miller-opamp-gain60-pm60-noise50uv-pvt	sources/upstream/tasks/sky130-fd-two-stage-miller-opamp-gain60-pm60-noise50uv-pvt/tests/benches/tb_noise.spi	noise	4ca37a0116194446109ba21b7548774ca1e2a92addc6321754e583fcabb07337
35	sky130-fd-two-stage-miller-opamp-gain60-pm60-noise50uv-pvt	sources/upstream/tasks/sky130-fd-two-stage-miller-opamp-gain60-pm60-noise50uv-pvt/tests/benches/tb_op_ac.spi	ac,op	b628fb22a90260a0be0eed7cd364dede508432bacac9cd725b89b769e0588d7e
35	sky130-fd-two-stage-miller-opamp-gain60-pm60-noise50uv-pvt	sources/upstream/tasks/sky130-fd-two-stage-miller-opamp-gain60-pm60-noise50uv-pvt/tests/benches/tb_settling.spi	tran	6d1635d76c345b2344db01a1ca042dc2407985309f7a4dbea8ed3bc9296d9392
35	sky130-fd-two-stage-miller-opamp-gain60-pm60-noise50uv-pvt	sources/upstream/tasks/sky130-fd-two-stage-miller-opamp-gain60-pm60-noise50uv-pvt/tests/benches/tb_swing.spi	dc	6ebfd8d69f7767b360d91be50a6385dc0d4bf241a3a30a370588f1b00b5f15cb
36	sky130-telescopic-cascode-ota-pvt-fix	sources/upstream/tasks/sky130-telescopic-cascode-ota-pvt-fix/environment/starter/testbench/public_checks.py	ac,tran	56471eccf532f0abd871f3432af3e94bded5fa20d5871274e5744d7a6515e156
36	sky130-telescopic-cascode-ota-pvt-fix	sources/upstream/tasks/sky130-telescopic-cascode-ota-pvt-fix/environment/starter/testbench/tb_ac_ff.spi	ac,op	1dded59401ac2b212ea211d7a0c2436380bca60a558ce57c37c2c8b580e37783
36	sky130-telescopic-cascode-ota-pvt-fix	sources/upstream/tasks/sky130-telescopic-cascode-ota-pvt-fix/environment/starter/testbench/tb_ac_ss.spi	ac,op	b3a801eb91438c0c056dc322634ad6c812d5717a8d6ed60c3746008d2eb562aa
36	sky130-telescopic-cascode-ota-pvt-fix	sources/upstream/tasks/sky130-telescopic-cascode-ota-pvt-fix/environment/starter/testbench/tb_ac_tt.spi	ac,op	bc6ac2ab14d0441f81e666cc8570a8afcd5d51f7dec313d335c36e3894176396
36	sky130-telescopic-cascode-ota-pvt-fix	sources/upstream/tasks/sky130-telescopic-cascode-ota-pvt-fix/environment/starter/testbench/tb_cm_recovery_tt.spi	tran	3ca1c1c73791744cddf6021cb492a0153fa5a9ae253e0a75c65bc68b8b4b9fb8
36	sky130-telescopic-cascode-ota-pvt-fix	sources/upstream/tasks/sky130-telescopic-cascode-ota-pvt-fix/environment/starter/testbench/tb_range_public.spi	dc	36eeb1fcd94e8a5de4f16fb42f07686d2813f69c9b8762899dff5d2888f4735b
36	sky130-telescopic-cascode-ota-pvt-fix	sources/upstream/tasks/sky130-telescopic-cascode-ota-pvt-fix/environment/starter/testbench/tb_settling_public.spi	tran	5e5d4c2c4e04a0e969f45a59ae83207fe285462884070264eba13af4d0eacd1c
36	sky130-telescopic-cascode-ota-pvt-fix	sources/upstream/tasks/sky130-telescopic-cascode-ota-pvt-fix/tests/benches/tb_cm_recovery.spi	tran	9a26a5b2bda930e2a3fac88d776967110d642904a17afcb7abd833de6f70b1f1
36	sky130-telescopic-cascode-ota-pvt-fix	sources/upstream/tasks/sky130-telescopic-cascode-ota-pvt-fix/tests/benches/tb_pvt.spi	ac,op	5b20e252fa3c82fba15da33771c8bc2199b1cef6136beefe12fa14b4717ecb91
36	sky130-telescopic-cascode-ota-pvt-fix	sources/upstream/tasks/sky130-telescopic-cascode-ota-pvt-fix/tests/benches/tb_settling.spi	tran	5e5d4c2c4e04a0e969f45a59ae83207fe285462884070264eba13af4d0eacd1c
36	sky130-telescopic-cascode-ota-pvt-fix	sources/upstream/tasks/sky130-telescopic-cascode-ota-pvt-fix/tests/benches/tb_swing.spi	dc	36eeb1fcd94e8a5de4f16fb42f07686d2813f69c9b8762899dff5d2888f4735b
36	sky130-telescopic-cascode-ota-pvt-fix	sources/upstream/tasks/sky130-telescopic-cascode-ota-pvt-fix/tests/fixtures/controlled_source.spi	fixture/reducer/template	58abd66e4f86c1830a8ebc0bfe0622896de6bb5772b830d2d0ae15117dd5f5d4
36	sky130-telescopic-cascode-ota-pvt-fix	sources/upstream/tasks/sky130-telescopic-cascode-ota-pvt-fix/tests/fixtures/nonfunctional.spi	fixture/reducer/template	cd828581bfd4f968341cf1c16c0b5279fdbb9d593512fcd2ee152e9d7338eb9c
37	sky130-three-stage-nested-miller-ota-pvt	sources/upstream/tasks/sky130-three-stage-nested-miller-ota-pvt/environment/starter/testbench/measure.py	ac,dc	aa232bdd4b0a730afed9d4c6e8c90bd00215b8dabef509008dabe777d45af5fc
37	sky130-three-stage-nested-miller-ota-pvt	sources/upstream/tasks/sky130-three-stage-nested-miller-ota-pvt/environment/starter/testbench/tb_ac_ss.spi	ac,op	f91cd605dbc19ec5d2bfa445da92c1ccd86f7e028fc05f551e9f35cff8bf6b4e
37	sky130-three-stage-nested-miller-ota-pvt	sources/upstream/tasks/sky130-three-stage-nested-miller-ota-pvt/environment/starter/testbench/tb_ac_tt.spi	ac,op	0d77f7bb093b319c12933c8044d3d41717a5cf6d8910d3e3e9bbf106de23b143
37	sky130-three-stage-nested-miller-ota-pvt	sources/upstream/tasks/sky130-three-stage-nested-miller-ota-pvt/environment/starter/testbench/tb_input_bias_tt.spi	op	60464107e715f115a98a49c6249d6064a50e69d8bdab8f409816afa3756beb88
37	sky130-three-stage-nested-miller-ota-pvt	sources/upstream/tasks/sky130-three-stage-nested-miller-ota-pvt/environment/starter/testbench/tb_settling_ss.spi	tran	7858d8d3a40f95963a7f4fe4a36cf6b90a46622e2f00646d465d3861f4826ad4
37	sky130-three-stage-nested-miller-ota-pvt	sources/upstream/tasks/sky130-three-stage-nested-miller-ota-pvt/environment/starter/testbench/tb_slew_ff.spi	tran	fd0e73a6a0c217f7320309a02dd07f11c035c336cbc4d34d52a2cf337fcbda55
37	sky130-three-stage-nested-miller-ota-pvt	sources/upstream/tasks/sky130-three-stage-nested-miller-ota-pvt/environment/starter/testbench/tb_swing_fs.spi	dc	7dd6f84aaeacc08b9b27e3fb5731b8d4576a967da39a95102b217b184485cced
37	sky130-three-stage-nested-miller-ota-pvt	sources/upstream/tasks/sky130-three-stage-nested-miller-ota-pvt/tests/benches/tb_input_bias.spi	op	5f171be6e9a489cb05c285584a6815cbd84aa6cf324c23fdf3e725f098ecc058
37	sky130-three-stage-nested-miller-ota-pvt	sources/upstream/tasks/sky130-three-stage-nested-miller-ota-pvt/tests/benches/tb_pvt.spi	ac,op	4dc0f0784d42aa8674e158667e89817e84abfeb408bcfcac92e59fc41322809c
37	sky130-three-stage-nested-miller-ota-pvt	sources/upstream/tasks/sky130-three-stage-nested-miller-ota-pvt/tests/benches/tb_settling.spi	tran	d1662d71ab28a6acb02c3e4003dbbc8918f3d0b78d7105439dfc544a03870574
37	sky130-three-stage-nested-miller-ota-pvt	sources/upstream/tasks/sky130-three-stage-nested-miller-ota-pvt/tests/benches/tb_slew.spi	tran	6294559d9af2e9e24315f2fd0a8a6f5be53c5b29ba04df8e63dc4c5155131bbc
37	sky130-three-stage-nested-miller-ota-pvt	sources/upstream/tasks/sky130-three-stage-nested-miller-ota-pvt/tests/benches/tb_swing.spi	dc	f4b43e8289d5c263adc5783f34316281a292901388a04587bebf5b03655796c1
38	sky130-capless-ldo-1v0-20ma-pvt	sources/upstream/tasks/sky130-capless-ldo-1v0-20ma-pvt/environment/starter/testbench/tb_dc_tt.spi	dc,op	9455058f8db06900d857b1441d170bdd997bf2acb38e3187eca120aa8f1bee6f
38	sky130-capless-ldo-1v0-20ma-pvt	sources/upstream/tasks/sky130-capless-ldo-1v0-20ma-pvt/environment/starter/testbench/tb_psr_tt.spi	ac	eb6444aa3a0c2be6655a850dbb67e0348cfc6ae3ae1efb6f55353b9c92342d2f
38	sky130-capless-ldo-1v0-20ma-pvt	sources/upstream/tasks/sky130-capless-ldo-1v0-20ma-pvt/environment/starter/testbench/tb_start_tt.spi	tran	87b1963ff9ba989668acbefd39a3642dd50af7d1e4108183bae460c2ef313cac
38	sky130-capless-ldo-1v0-20ma-pvt	sources/upstream/tasks/sky130-capless-ldo-1v0-20ma-pvt/environment/starter/testbench/tb_step_tt.spi	tran	146583fd832a2211253927b79aeea38ad976a61a9a888c49707ac6f062e5ff4e
38	sky130-capless-ldo-1v0-20ma-pvt	sources/upstream/tasks/sky130-capless-ldo-1v0-20ma-pvt/tests/benches/tb_matrix.spi	dc,op	e13479312b7015ea4ee461575a20a2d67132e0cec68ac2bc240cc8f4ebb3aa94
38	sky130-capless-ldo-1v0-20ma-pvt	sources/upstream/tasks/sky130-capless-ldo-1v0-20ma-pvt/tests/benches/tb_psr.spi	ac	d62ce1bb687ed859e902e31c47565446a97699dcaad51a9588f607b30075e8c4
38	sky130-capless-ldo-1v0-20ma-pvt	sources/upstream/tasks/sky130-capless-ldo-1v0-20ma-pvt/tests/benches/tb_start.spi	tran	dad806f7a39edf5f65e0288500bbfbccf6e68853c51ef836848a97d659c944e2
38	sky130-capless-ldo-1v0-20ma-pvt	sources/upstream/tasks/sky130-capless-ldo-1v0-20ma-pvt/tests/benches/tb_step.spi	tran	7ecb9ab1cac7032e3aae0805f20c938460273952849a579cab028b031c5868f7
39	sky130-low-power-line-driver-pvt	sources/upstream/tasks/sky130-low-power-line-driver-pvt/environment/starter/testbench/measure_thd.py	fixture/reducer/template	30497f0644195242d756c7c453a207ec60a20b985d7034feccf5beab43c181b9
39	sky130-low-power-line-driver-pvt	sources/upstream/tasks/sky130-low-power-line-driver-pvt/environment/starter/testbench/tb_loopgain_ss_1p71v_125c.spi	ac,op	1e4fa39d49385e44b5134fccea2c26e1f0e4b51e151c0f75d63b70ba342c85dc
39	sky130-low-power-line-driver-pvt	sources/upstream/tasks/sky130-low-power-line-driver-pvt/environment/starter/testbench/tb_loopgain_tt_1p80v_85c.spi	ac,op	eb9f2222766bab6340c0240afefb82ed8f50ef53f8d62ccc052c0d39fff49264
39	sky130-low-power-line-driver-pvt	sources/upstream/tasks/sky130-low-power-line-driver-pvt/environment/starter/testbench/tb_swing_tt_1p80v_85c.spi	dc	ada390afd5584fd8db266b7fd6a7b5e44ba414eaa3d9797b942d2cc20072f44f
39	sky130-low-power-line-driver-pvt	sources/upstream/tasks/sky130-low-power-line-driver-pvt/environment/starter/testbench/tb_thd_tt_1p80v_85c.spi	tran	4aeb249591c487be6659e28f040a92cc266b9c8086cb70842f5743281d65da9b
39	sky130-low-power-line-driver-pvt	sources/upstream/tasks/sky130-low-power-line-driver-pvt/tests/benches/tb_loopgain.spi	ac,op	c467455e9f21082dcb34e8244a86922171518d17eee3a7707eb3e4a3c9d4051c
39	sky130-low-power-line-driver-pvt	sources/upstream/tasks/sky130-low-power-line-driver-pvt/tests/benches/tb_swing.spi	dc	7a5870cc0e6ca3f7fac6c9b025762ec2c938bee4865a62e69fad062cb03ec3ce
39	sky130-low-power-line-driver-pvt	sources/upstream/tasks/sky130-low-power-line-driver-pvt/tests/benches/tb_thd.spi	tran	8ee3a2b5efb842a3d18419561458b460d426cfd187e05d87caafe7a48f3b0d6f
40	sky130-delta-sigma-adc-1bit-first-order-osr32-sndr40	sources/upstream/tasks/sky130-delta-sigma-adc-1bit-first-order-osr32-sndr40/environment/starter/testbench/fd_ota_5t_cmfb.spi	fixture/reducer/template	24de468c6ceaffedae02c5e09e59a4e034db6da2cce4182fa8baf0a7de08a0d8
40	sky130-delta-sigma-adc-1bit-first-order-osr32-sndr40	sources/upstream/tasks/sky130-delta-sigma-adc-1bit-first-order-osr32-sndr40/environment/starter/testbench/run_dev.py	noise	6ba478fb1d3689763b9a5f5604a410ac0d08c82c4e2a0d8b016caa2ca8f820b8
40	sky130-delta-sigma-adc-1bit-first-order-osr32-sndr40	sources/upstream/tasks/sky130-delta-sigma-adc-1bit-first-order-osr32-sndr40/environment/starter/testbench/strongarm.spi	fixture/reducer/template	f531be969ab98a4aab735a7e89a507a1024eaa40533f93faab40a7fd503a8f7b
40	sky130-delta-sigma-adc-1bit-first-order-osr32-sndr40	sources/upstream/tasks/sky130-delta-sigma-adc-1bit-first-order-osr32-sndr40/environment/starter/testbench/tb_ns_dev.spi	tran	1749a14812d9c9d83b597f383ac0553eee90c632eaa71d02a894bed0bb4a0e09
40	sky130-delta-sigma-adc-1bit-first-order-osr32-sndr40	sources/upstream/tasks/sky130-delta-sigma-adc-1bit-first-order-osr32-sndr40/tests/benches/fd_ota_5t_cmfb.spi	fixture/reducer/template	24de468c6ceaffedae02c5e09e59a4e034db6da2cce4182fa8baf0a7de08a0d8
40	sky130-delta-sigma-adc-1bit-first-order-osr32-sndr40	sources/upstream/tasks/sky130-delta-sigma-adc-1bit-first-order-osr32-sndr40/tests/benches/strongarm.spi	fixture/reducer/template	f531be969ab98a4aab735a7e89a507a1024eaa40533f93faab40a7fd503a8f7b
40	sky130-delta-sigma-adc-1bit-first-order-osr32-sndr40	sources/upstream/tasks/sky130-delta-sigma-adc-1bit-first-order-osr32-sndr40/tests/benches/tb_ns_adc.spi	tran	bc6e88f62eba318bcc4513012bd7fa165818a36e3d1d1fc2b07c4e00eb54555e
41	sky130-two-stage-miller-opamp-gain70-ugb20-pm60-noise50uv-pvt	sources/upstream/tasks/sky130-two-stage-miller-opamp-gain70-ugb20-pm60-noise50uv-pvt/environment/starter/testbench/tb_cmrr_tt_1p80v_28c.spi	ac	0f32aae1bfe3712ac3e5c98d6c1a67b2727f4f06fd345add0e0e5ef9a7a64355
41	sky130-two-stage-miller-opamp-gain70-ugb20-pm60-noise50uv-pvt	sources/upstream/tasks/sky130-two-stage-miller-opamp-gain70-ugb20-pm60-noise50uv-pvt/environment/starter/testbench/tb_noise_tt_1p80v_28c.spi	ac,noise	eea82dfa6f003f58c549fd615a80e6cc4d6c2867d82e422f946111dbca837718
41	sky130-two-stage-miller-opamp-gain70-ugb20-pm60-noise50uv-pvt	sources/upstream/tasks/sky130-two-stage-miller-opamp-gain70-ugb20-pm60-noise50uv-pvt/environment/starter/testbench/tb_op_ac_tt_1p80v_28c.spi	ac,op	4f17c45433aad1a31102abbc557de422d785730da451d5e9b8c1c77b77951432
41	sky130-two-stage-miller-opamp-gain70-ugb20-pm60-noise50uv-pvt	sources/upstream/tasks/sky130-two-stage-miller-opamp-gain70-ugb20-pm60-noise50uv-pvt/environment/starter/testbench/tb_psrr_tt_1p80v_28c.spi	ac	805e7c9f371977d912a5fe586e17e41e5cd83592d375c1414d5da034cd5a95b0
41	sky130-two-stage-miller-opamp-gain70-ugb20-pm60-noise50uv-pvt	sources/upstream/tasks/sky130-two-stage-miller-opamp-gain70-ugb20-pm60-noise50uv-pvt/environment/starter/testbench/tb_settling_ss_1p80v_27c.spi	tran	3b97f92a3cbae4b9248638c80516d3cd17e9e6e2b3a0d45b24a9ff433fc7cb51
41	sky130-two-stage-miller-opamp-gain70-ugb20-pm60-noise50uv-pvt	sources/upstream/tasks/sky130-two-stage-miller-opamp-gain70-ugb20-pm60-noise50uv-pvt/environment/starter/testbench/tb_slew_tt_1p98v_m40c.spi	tran	d2f4f88c63063272d40c55ee50a7ae1e39f1ceb60f3d597518398d977da2b1ff
41	sky130-two-stage-miller-opamp-gain70-ugb20-pm60-noise50uv-pvt	sources/upstream/tasks/sky130-two-stage-miller-opamp-gain70-ugb20-pm60-noise50uv-pvt/environment/starter/testbench/tb_swing_ff_1p62v_125c.spi	dc	7ff2eba42ec72be58f0906e3519bba896432e3aa864441fab989ef411390a184
41	sky130-two-stage-miller-opamp-gain70-ugb20-pm60-noise50uv-pvt	sources/upstream/tasks/sky130-two-stage-miller-opamp-gain70-ugb20-pm60-noise50uv-pvt/tests/benches/tb_cmrr.spi	ac	0c9dcdb0f96af2f4fbd8b403f013a5891bb8294630146b1117c8cbc00deacdb1
41	sky130-two-stage-miller-opamp-gain70-ugb20-pm60-noise50uv-pvt	sources/upstream/tasks/sky130-two-stage-miller-opamp-gain70-ugb20-pm60-noise50uv-pvt/tests/benches/tb_noise.spi	ac,noise	3cbb1cf365a82e7c4ed9cabd8f446c759e5a8755af86eeb4b9d208d9c2e25212
41	sky130-two-stage-miller-opamp-gain70-ugb20-pm60-noise50uv-pvt	sources/upstream/tasks/sky130-two-stage-miller-opamp-gain70-ugb20-pm60-noise50uv-pvt/tests/benches/tb_op_ac.spi	ac,op	639cc5ab6f3cf7e4f5c1fcb0105a379874eb143411036946ef8aaed65e133f53
41	sky130-two-stage-miller-opamp-gain70-ugb20-pm60-noise50uv-pvt	sources/upstream/tasks/sky130-two-stage-miller-opamp-gain70-ugb20-pm60-noise50uv-pvt/tests/benches/tb_psrr.spi	ac	d4df4f3dea32c96a8cd7d874245d8362374f0e4d90148987109c010b80f5005e
41	sky130-two-stage-miller-opamp-gain70-ugb20-pm60-noise50uv-pvt	sources/upstream/tasks/sky130-two-stage-miller-opamp-gain70-ugb20-pm60-noise50uv-pvt/tests/benches/tb_settling.spi	tran	2a4c9583c98aa8f6e16821c219b6b1acc6f11b755aa654f031e0379cbc2f8a8b
41	sky130-two-stage-miller-opamp-gain70-ugb20-pm60-noise50uv-pvt	sources/upstream/tasks/sky130-two-stage-miller-opamp-gain70-ugb20-pm60-noise50uv-pvt/tests/benches/tb_slew.spi	tran	44b45c4e977763b4d4e2d07c20ee704e4a3310d934393aa2c836e119d03fc95d
41	sky130-two-stage-miller-opamp-gain70-ugb20-pm60-noise50uv-pvt	sources/upstream/tasks/sky130-two-stage-miller-opamp-gain70-ugb20-pm60-noise50uv-pvt/tests/benches/tb_swing.spi	dc	3228a9b438155e357bd463694bd13963ee842ba4017a44203f6d8c646a5b9889
42	sky130-sar-adc-6bit-async	sources/upstream/tasks/sky130-sar-adc-6bit-async/environment/starter/testbench/analyze_dynamic.py	noise	f199e9d8930ffc5a0ce526a4dfbabddb1405cd901fb8cc2ce56b213889899bf4
42	sky130-sar-adc-6bit-async	sources/upstream/tasks/sky130-sar-adc-6bit-async/environment/starter/testbench/analyze_transfer.py	fixture/reducer/template	dca9f82ef2c9af518fcd408fe6fec46a9848c65e66292e5fc87a6c72fbfce039
42	sky130-sar-adc-6bit-async	sources/upstream/tasks/sky130-sar-adc-6bit-async/environment/starter/testbench/tb_dynamic_64sample_tt.spi	tran	a217c00aeaee80e2dc2c5ca0dbd41c48111d72c92d6b4dc7c5900449286399e8
42	sky130-sar-adc-6bit-async	sources/upstream/tasks/sky130-sar-adc-6bit-async/environment/starter/testbench/tb_smoke_100msps_3code_tt.spi	tran	160c53d8b25a81e5fc275fe5e7df6058cf94f6a16a5a3dc7ffcb884d52f20c95
42	sky130-sar-adc-6bit-async	sources/upstream/tasks/sky130-sar-adc-6bit-async/environment/starter/testbench/tb_transfer_64code_tt.spi	tran	3a2914a4305a50d12f98f4add75c892b3913589f1a74e5fa85d41ea980cd8456
42	sky130-sar-adc-6bit-async	sources/upstream/tasks/sky130-sar-adc-6bit-async/tests/benches/tb_dynamic.spi	tran	bf71699a13de93ec1339b7298e863728005c48e0d445ac3125296dbd223dfc7d
42	sky130-sar-adc-6bit-async	sources/upstream/tasks/sky130-sar-adc-6bit-async/tests/benches/tb_transfer.spi	tran	cf58881be91157294b1a3c966a422a1e0b1270c1097805a3a3b0d8fe154864bf
42	sky130-sar-adc-6bit-async	sources/upstream/tasks/sky130-sar-adc-6bit-async/tests/benches/tb_transfer_alt.spi	tran	855d592bcc8de588fb04d67ab2d433e60dd6a969d5d7bf056c501dbbd2e5c2a0
43	sky130-inductive-lna-2p4ghz-gain12-nf2-pvt	sources/upstream/tasks/sky130-inductive-lna-2p4ghz-gain12-nf2-pvt/environment/starter/testbench/tb_rf_tt.spi	ac,noise,op	b8aa1b3767b5be0b43571e8efa4fa8787ddc404c9ef0c72588bb45eb90a961d4
43	sky130-inductive-lna-2p4ghz-gain12-nf2-pvt	sources/upstream/tasks/sky130-inductive-lna-2p4ghz-gain12-nf2-pvt/tests/benches/tb_rf.spi	ac,noise,op	8ea8db5cd679d75e880f86bd73f9137a468922c9e8558201d38255b1e68b9a4d
44	sky130-ota-5t-gain40-pm60-noise50uv-pvt	sources/upstream/tasks/sky130-ota-5t-gain40-pm60-noise50uv-pvt/environment/starter/testbench/tb_cmrr_tt_1p80v_125c.spi	ac	9d416b35165637ffca39d8e21f90d154b31bc89864758d345a60e2865ff4d115
44	sky130-ota-5t-gain40-pm60-noise50uv-pvt	sources/upstream/tasks/sky130-ota-5t-gain40-pm60-noise50uv-pvt/environment/starter/testbench/tb_op_ac_noise_ff_1p80v_125c.spi	ac,noise,op	be93ce54c8e25f2c39e60b375467f678ac71ee8de9473d2c1828d261e2e2d4f7
44	sky130-ota-5t-gain40-pm60-noise50uv-pvt	sources/upstream/tasks/sky130-ota-5t-gain40-pm60-noise50uv-pvt/environment/starter/testbench/tb_psrr_minus_ff_1p62v_m40c.spi	ac	4417b7142ec891da9079fdb04466168853b7c3aad9515d8d66a81da9bb308175
44	sky130-ota-5t-gain40-pm60-noise50uv-pvt	sources/upstream/tasks/sky130-ota-5t-gain40-pm60-noise50uv-pvt/environment/starter/testbench/tb_psrr_plus_ss_1p80v_27c.spi	ac	3b9f0e032c5509e0d869346bf4d8ceface632d5059de1531afd5f937fb8a36a2
44	sky130-ota-5t-gain40-pm60-noise50uv-pvt	sources/upstream/tasks/sky130-ota-5t-gain40-pm60-noise50uv-pvt/tests/benches/tb_cmrr.spi	ac	f4195b38b0b979405b083db62fadf5428f7951c2001bae00a87cd24b633fc4be
44	sky130-ota-5t-gain40-pm60-noise50uv-pvt	sources/upstream/tasks/sky130-ota-5t-gain40-pm60-noise50uv-pvt/tests/benches/tb_op_ac_noise.spi	ac,noise,op	6e2f7bfa2fd6418da8dd69c90c2c8ce533c7d020f44ee3935983d7aeda7e31e7
44	sky130-ota-5t-gain40-pm60-noise50uv-pvt	sources/upstream/tasks/sky130-ota-5t-gain40-pm60-noise50uv-pvt/tests/benches/tb_psrr_minus.spi	ac	a5f159e021add86e899e362223ff7ff8a8051e021f4ee706d6112131d15de62b
44	sky130-ota-5t-gain40-pm60-noise50uv-pvt	sources/upstream/tasks/sky130-ota-5t-gain40-pm60-noise50uv-pvt/tests/benches/tb_psrr_plus.spi	ac	8c8646a8b2b51d545152532038d4328c4efe61242edba42f358db77f3a4150db
45	sky130-transistor-divide-by-2	sources/upstream/tasks/sky130-transistor-divide-by-2/environment/starter/testbench/tb_reset_tt.spi	tran	2f2672d692dbb819c9f7a2b21e14be536cde98be04b16fdc48bfc6fd2ff7236f
45	sky130-transistor-divide-by-2	sources/upstream/tasks/sky130-transistor-divide-by-2/environment/starter/testbench/tb_toggle_tt.spi	tran	686e5b6036e3acf0bfe2a56732a9a80fe8c6a525b415afa152958e5117661a31
45	sky130-transistor-divide-by-2	sources/upstream/tasks/sky130-transistor-divide-by-2/tests/benches/tb_divide.spi	tran	3c49a109ed4f05c4911b8c0baa110bb565e48e1b1841a19ef38c946645c121c0
45	sky130-transistor-divide-by-2	sources/upstream/tasks/sky130-transistor-divide-by-2/tests/benches/tb_reset.spi	tran	c7fb85204b88ec3c5383f4decc8331d8a34b0f8dae63bf6d9c2c451c9d171e1b
46	sky130-flash-adc-3bit-pvt	sources/upstream/tasks/sky130-flash-adc-3bit-pvt/environment/starter/testbench/analyze_adc.py	noise	4fbbc865e4c34d5465a20e4d2555b10c87628c6f4b1b719a70552d04b328ac48
46	sky130-flash-adc-3bit-pvt	sources/upstream/tasks/sky130-flash-adc-3bit-pvt/environment/starter/testbench/tb_dynamic_high_tt.spi	tran	722bd653a99f784e0eedec92577231a818c62802e80e6ffea5d7b91e8499e040
46	sky130-flash-adc-3bit-pvt	sources/upstream/tasks/sky130-flash-adc-3bit-pvt/environment/starter/testbench/tb_dynamic_tt.spi	tran	cbbe64919df7d02349d38e0f80f1c73f6ff5d9789394c03a22ba0bddd8d07d82
46	sky130-flash-adc-3bit-pvt	sources/upstream/tasks/sky130-flash-adc-3bit-pvt/environment/starter/testbench/tb_ramp_tt.spi	tran	37aa4160b940aecb5e34046f2166e759ab686a7988ab46d2b06a6423a8e6a7d6
46	sky130-flash-adc-3bit-pvt	sources/upstream/tasks/sky130-flash-adc-3bit-pvt/environment/starter/testbench/tb_transition_tt.spi	tran	5731dead754d90ac82e404bb167b46b2487c569c80371397c299e5a504891bfb
46	sky130-flash-adc-3bit-pvt	sources/upstream/tasks/sky130-flash-adc-3bit-pvt/tests/benches/tb_dynamic.spi	tran	2ce4d19f897944ff6361b9dd5d5bb7bb05050c9588723e97916a5e6790f44afd
46	sky130-flash-adc-3bit-pvt	sources/upstream/tasks/sky130-flash-adc-3bit-pvt/tests/benches/tb_ramp.spi	tran	b69af4c38b28ee138e413e1a990ca6fbb5b6c1b97a996d3d0140f8392c8bbb1e
46	sky130-flash-adc-3bit-pvt	sources/upstream/tasks/sky130-flash-adc-3bit-pvt/tests/benches/tb_sine.spi	tran	384843004741295e48733ff1f922e000e44c126f46c78d7f4a676046e2fa7b39
47	sky130-pll-charge-pump-pvt	sources/upstream/tasks/sky130-pll-charge-pump-pvt/environment/starter/testbench/tb_dc_tt.spi	dc	476d45d35ca92de4e454384c293156ae8542f5dd03ee30f73827ccaed60eb7fa
47	sky130-pll-charge-pump-pvt	sources/upstream/tasks/sky130-pll-charge-pump-pvt/environment/starter/testbench/tb_mm_tt.spi	dc	a4c3c8659f0140a454f1c5545e6efc17efcafe5e213ddfefdb7f9109be0c731a
47	sky130-pll-charge-pump-pvt	sources/upstream/tasks/sky130-pll-charge-pump-pvt/environment/starter/testbench/tb_pulse_tt.spi	tran	99a3379a73bbad2077af082c26014dd51150f80eef065624c4d6cd2d7817b078
47	sky130-pll-charge-pump-pvt	sources/upstream/tasks/sky130-pll-charge-pump-pvt/tests/benches/tb_dc.spi	dc	9f90478cd5c18bb9cf7c9d603f012f0676343ca6a1283a934111b382321d70ac
47	sky130-pll-charge-pump-pvt	sources/upstream/tasks/sky130-pll-charge-pump-pvt/tests/benches/tb_pulse.spi	tran	5afe010927a65011ff3e5cd43d467496822c13e1701d59a9d168743c54be29a7
48	sky130-sar-adc-4bit-async	sources/upstream/tasks/sky130-sar-adc-4bit-async/environment/starter/testbench/analyze_dynamic.py	noise	bd047e5c37c020cdab6001916c84aa7c0f4fba0f0ce0da7070525e578ce40d77
48	sky130-sar-adc-4bit-async	sources/upstream/tasks/sky130-sar-adc-4bit-async/environment/starter/testbench/analyze_transfer.py	fixture/reducer/template	bf7e3636774b1f9f065b763e02e8247d5435066d13133c51324ad9519a9b939f
48	sky130-sar-adc-4bit-async	sources/upstream/tasks/sky130-sar-adc-4bit-async/environment/starter/testbench/tb_dynamic_32sample_tt.spi	tran	18ba330cb928959b548f6f2dfa6a6de2ecb5d5e50a561ca7622990445880e53c
48	sky130-sar-adc-4bit-async	sources/upstream/tasks/sky130-sar-adc-4bit-async/environment/starter/testbench/tb_smoke_100msps_3code_tt.spi	tran	55aad9e7a665bbf34d2f662b1e23197dc759e3015132ed3dacac9fb6bbe24840
48	sky130-sar-adc-4bit-async	sources/upstream/tasks/sky130-sar-adc-4bit-async/environment/starter/testbench/tb_transfer_16code_tt.spi	tran	5b21abc57ded842edebb32544398e389e3f6ad034314f638e1e194aaf72d3c95
48	sky130-sar-adc-4bit-async	sources/upstream/tasks/sky130-sar-adc-4bit-async/tests/benches/tb_dynamic.spi	tran	7f22ccbe8f4cdc63f38d4ee23e45e18992bcb9eb0bd0244847b1ac366607a226
48	sky130-sar-adc-4bit-async	sources/upstream/tasks/sky130-sar-adc-4bit-async/tests/benches/tb_transfer.spi	tran	f70996e37f05b28f70f507ae427158f92198e189e8d32d2e6ef1c42ecaf50f64
48	sky130-sar-adc-4bit-async	sources/upstream/tasks/sky130-sar-adc-4bit-async/tests/benches/tb_transfer_alt.spi	tran	1d4124e86f374dc7c5011f877f33cd0acc0c2af56f7a924972610b18cd197af9
49	sky130-lc-vco-2ghz-pvt	sources/upstream/tasks/sky130-lc-vco-2ghz-pvt/environment/starter/testbench/check_supply_pushing_benches.py	fixture/reducer/template	1ab1ae124941351a7efe93ec56cea668530befc944ae9a22f8d4397007d97ff0
49	sky130-lc-vco-2ghz-pvt	sources/upstream/tasks/sky130-lc-vco-2ghz-pvt/environment/starter/testbench/tb_supply_pushing_tt_1p62v_27c.spi	tran	077d2cd82db9172134ed2d59c2feeded73ae8ff7f3c822c7ace8a5fe58a9c16d
49	sky130-lc-vco-2ghz-pvt	sources/upstream/tasks/sky130-lc-vco-2ghz-pvt/environment/starter/testbench/tb_supply_pushing_tt_1p98v_27c.spi	tran	d27b12cadd5eb9d2165042c8956101f3e3e79fab94f76e64392f2b6684da3d3c
49	sky130-lc-vco-2ghz-pvt	sources/upstream/tasks/sky130-lc-vco-2ghz-pvt/environment/starter/testbench/tb_tune_ss_1p62v_125c.spi	tran	7b5df138ea7798ff636beddb0debada8ea462fd3a64034c8533acc6e8d7ddd13
49	sky130-lc-vco-2ghz-pvt	sources/upstream/tasks/sky130-lc-vco-2ghz-pvt/environment/starter/testbench/tb_tune_tt_1p8v_27c.spi	tran	7a2510c7a698d54b4a5ae07178fa429336024bb01bf4b033cce56ea3e644c450
49	sky130-lc-vco-2ghz-pvt	sources/upstream/tasks/sky130-lc-vco-2ghz-pvt/tests/benches/tb_tune.spi	tran	5f1df6dbaaf89c639057c8f722864c34c2c28636f6bc33721314657f1af785e8
50	sky130-folded-cascode-ota-gain130-pm60-noise50uv-pvt	sources/upstream/tasks/sky130-folded-cascode-ota-gain130-pm60-noise50uv-pvt/environment/starter/testbench/public_checks.py	noise	3e81be58056a82b6380ea01f313f2b8f4a20a47f0c0e3d53e03cd3d1946e2f7e
50	sky130-folded-cascode-ota-gain130-pm60-noise50uv-pvt	sources/upstream/tasks/sky130-folded-cascode-ota-gain130-pm60-noise50uv-pvt/environment/starter/testbench/tb_ac_ss.spi	ac,op	c7fafc289f37c8b18fff66b62efe8622c6d1fb4eb90a32ae9cce41cd406bf044
50	sky130-folded-cascode-ota-gain130-pm60-noise50uv-pvt	sources/upstream/tasks/sky130-folded-cascode-ota-gain130-pm60-noise50uv-pvt/environment/starter/testbench/tb_ac_tt.spi	ac,op	ff8c7d4a409c869d446c0cebdba6702dbdd4255b24ed7b8166f15219ecbf001c
50	sky130-folded-cascode-ota-gain130-pm60-noise50uv-pvt	sources/upstream/tasks/sky130-folded-cascode-ota-gain130-pm60-noise50uv-pvt/environment/starter/testbench/tb_noise_tt.spi	noise	518256d151b0a9cf3298ca4d9d92b09613ff20f5e317cb1c262b10caeb9442b1
50	sky130-folded-cascode-ota-gain130-pm60-noise50uv-pvt	sources/upstream/tasks/sky130-folded-cascode-ota-gain130-pm60-noise50uv-pvt/environment/starter/testbench/tb_range_ss.spi	dc	c93f5a82dd6631611138d39deeeed9789ed1117b06e5d50e989b3088734d253c
50	sky130-folded-cascode-ota-gain130-pm60-noise50uv-pvt	sources/upstream/tasks/sky130-folded-cascode-ota-gain130-pm60-noise50uv-pvt/environment/starter/testbench/tb_settling_ff.spi	tran	02345510a0dde93c68b77c5487d759f440d2748cbadba9a84f4649e0a9898b20
50	sky130-folded-cascode-ota-gain130-pm60-noise50uv-pvt	sources/upstream/tasks/sky130-folded-cascode-ota-gain130-pm60-noise50uv-pvt/tests/benches/tb_closed_loop_range.spi	dc	293949b3cccded35ff0a77d699356701177a50dfcad9e0bd9a25d1f14f7a4d0d
50	sky130-folded-cascode-ota-gain130-pm60-noise50uv-pvt	sources/upstream/tasks/sky130-folded-cascode-ota-gain130-pm60-noise50uv-pvt/tests/benches/tb_noise.spi	noise	80c57b492f575ed751542ce115876192d610b8510465578e94d476ae5dcf7b24
50	sky130-folded-cascode-ota-gain130-pm60-noise50uv-pvt	sources/upstream/tasks/sky130-folded-cascode-ota-gain130-pm60-noise50uv-pvt/tests/benches/tb_op_ac.spi	ac,op	8ffa0126e47f53046068203026be2468050ef76816601f235b356188c896c37e
50	sky130-folded-cascode-ota-gain130-pm60-noise50uv-pvt	sources/upstream/tasks/sky130-folded-cascode-ota-gain130-pm60-noise50uv-pvt/tests/benches/tb_settling.spi	tran	5b15ce347fd0c820484d7b603c596e649a9bef7c38dbb3dc2a10b5064d8e315a
50	sky130-folded-cascode-ota-gain130-pm60-noise50uv-pvt	sources/upstream/tasks/sky130-folded-cascode-ota-gain130-pm60-noise50uv-pvt/tests/reviewer_benches/tb_gnc.spi	ac	9826ed9bfe0105f084ec5d583e42b9ec1840248f98bf2720bc994ec2dfce944f
50	sky130-folded-cascode-ota-gain130-pm60-noise50uv-pvt	sources/upstream/tasks/sky130-folded-cascode-ota-gain130-pm60-noise50uv-pvt/tests/reviewer_benches/tb_gpc.spi	ac	1313c3418037b892b546263d19ef5fdd3b0dfa9966d168db6cc6dfb70161b01c
